-- MySQL dump 10.13  Distrib 8.0.38, for Win64 (x86_64)
--
-- Host: localhost    Database: masjid
-- ------------------------------------------------------
-- Server version	8.0.39

/*!40101 SET @OLD_CHARACTER_SET_CLIENT=@@CHARACTER_SET_CLIENT */;
/*!40101 SET @OLD_CHARACTER_SET_RESULTS=@@CHARACTER_SET_RESULTS */;
/*!40101 SET @OLD_COLLATION_CONNECTION=@@COLLATION_CONNECTION */;
/*!50503 SET NAMES utf8 */;
/*!40103 SET @OLD_TIME_ZONE=@@TIME_ZONE */;
/*!40103 SET TIME_ZONE='+00:00' */;
/*!40014 SET @OLD_UNIQUE_CHECKS=@@UNIQUE_CHECKS, UNIQUE_CHECKS=0 */;
/*!40014 SET @OLD_FOREIGN_KEY_CHECKS=@@FOREIGN_KEY_CHECKS, FOREIGN_KEY_CHECKS=0 */;
/*!40101 SET @OLD_SQL_MODE=@@SQL_MODE, SQL_MODE='NO_AUTO_VALUE_ON_ZERO' */;
/*!40111 SET @OLD_SQL_NOTES=@@SQL_NOTES, SQL_NOTES=0 */;

--
-- Table structure for table `account`
--

DROP TABLE IF EXISTS `account`;
/*!40101 SET @saved_cs_client     = @@character_set_client */;
/*!50503 SET character_set_client = utf8mb4 */;
CREATE TABLE `account` (
  `id` int NOT NULL AUTO_INCREMENT,
  `bank` varchar(45) DEFAULT NULL,
  `accno` varchar(45) DEFAULT NULL,
  `balance` decimal(9,2) DEFAULT NULL,
  PRIMARY KEY (`id`)
) ENGINE=InnoDB DEFAULT CHARSET=utf8mb3;
/*!40101 SET character_set_client = @saved_cs_client */;

--
-- Dumping data for table `account`
--

LOCK TABLES `account` WRITE;
/*!40000 ALTER TABLE `account` DISABLE KEYS */;
/*!40000 ALTER TABLE `account` ENABLE KEYS */;
UNLOCK TABLES;

--
-- Table structure for table `city`
--

DROP TABLE IF EXISTS `city`;
/*!40101 SET @saved_cs_client     = @@character_set_client */;
/*!50503 SET character_set_client = utf8mb4 */;
CREATE TABLE `city` (
  `id` int NOT NULL AUTO_INCREMENT,
  `name` varchar(45) DEFAULT NULL,
  `district_id` int NOT NULL,
  PRIMARY KEY (`id`),
  KEY `fk_city_district1_idx` (`district_id`),
  CONSTRAINT `fk_city_district1` FOREIGN KEY (`district_id`) REFERENCES `district` (`id`)
) ENGINE=InnoDB AUTO_INCREMENT=32 DEFAULT CHARSET=utf8mb3;
/*!40101 SET character_set_client = @saved_cs_client */;

--
-- Dumping data for table `city`
--

LOCK TABLES `city` WRITE;
/*!40000 ALTER TABLE `city` DISABLE KEYS */;
INSERT INTO `city` VALUES (1,'Colombo',9),(2,'Dehiwala-Mount Lavinia',9),(3,'Moratuwa',9),(4,'Sri Jayawardenapura Kotte',9),(5,'Kolonnawa',9),(6,'Avissawella',9),(7,'Kalmunai',20),(8,'Ampara',20),(9,'Anuradhapura',11),(10,'Ella',21),(11,'Hali Ela',21),(12,'Haputale',21),(13,'Akurana',14),(14,'Deltota',14),(15,'Galaha',14),(16,'Galhinna',14),(17,'Gampola',14),(18,'Gelioya',14),(19,'Ahangama',25),(20,'Balapitiya',25),(21,'Boossa',25),(22,'Bentota',25),(23,'Dodanduwa',25),(24,'Elpitiya',25),(25,'Gintota',25),(26,'Giriulla',7),(27,'Hettipola',7),(28,'Kuliyapitiya',7),(29,'Maho',7),(30,'Melsiripura',7),(31,'Elephant Pass',2);
/*!40000 ALTER TABLE `city` ENABLE KEYS */;
UNLOCK TABLES;

--
-- Table structure for table `civilstatus`
--

DROP TABLE IF EXISTS `civilstatus`;
/*!40101 SET @saved_cs_client     = @@character_set_client */;
/*!50503 SET character_set_client = utf8mb4 */;
CREATE TABLE `civilstatus` (
  `id` int NOT NULL AUTO_INCREMENT,
  `name` varchar(45) DEFAULT NULL,
  PRIMARY KEY (`id`)
) ENGINE=InnoDB AUTO_INCREMENT=6 DEFAULT CHARSET=utf8mb3;
/*!40101 SET character_set_client = @saved_cs_client */;

--
-- Dumping data for table `civilstatus`
--

LOCK TABLES `civilstatus` WRITE;
/*!40000 ALTER TABLE `civilstatus` DISABLE KEYS */;
INSERT INTO `civilstatus` VALUES (1,'Single'),(2,'Married'),(3,'Divorced'),(4,'Widowed'),(5,'Separated');
/*!40000 ALTER TABLE `civilstatus` ENABLE KEYS */;
UNLOCK TABLES;

--
-- Table structure for table `deposit`
--

DROP TABLE IF EXISTS `deposit`;
/*!40101 SET @saved_cs_client     = @@character_set_client */;
/*!50503 SET character_set_client = utf8mb4 */;
CREATE TABLE `deposit` (
  `id` int NOT NULL AUTO_INCREMENT,
  `amount` decimal(9,2) DEFAULT NULL,
  `depositstatus_id` int NOT NULL,
  `date` date DEFAULT NULL,
  `account_id` int NOT NULL,
  `masjid_id` int NOT NULL,
  `employee_id` int NOT NULL,
  PRIMARY KEY (`id`),
  KEY `fk_deposite_depositestatus1_idx` (`depositstatus_id`),
  KEY `fk_deposite_account1_idx` (`account_id`),
  KEY `fk_deposite_masjid1_idx` (`masjid_id`),
  KEY `fk_deposite_employee1_idx` (`employee_id`),
  CONSTRAINT `fk_deposite_account1` FOREIGN KEY (`account_id`) REFERENCES `account` (`id`),
  CONSTRAINT `fk_deposite_depositestatus1` FOREIGN KEY (`depositstatus_id`) REFERENCES `depositstatus` (`id`),
  CONSTRAINT `fk_deposite_employee1` FOREIGN KEY (`employee_id`) REFERENCES `employee` (`id`),
  CONSTRAINT `fk_deposite_masjid1` FOREIGN KEY (`masjid_id`) REFERENCES `masjid` (`id`)
) ENGINE=InnoDB DEFAULT CHARSET=utf8mb3;
/*!40101 SET character_set_client = @saved_cs_client */;

--
-- Dumping data for table `deposit`
--

LOCK TABLES `deposit` WRITE;
/*!40000 ALTER TABLE `deposit` DISABLE KEYS */;
/*!40000 ALTER TABLE `deposit` ENABLE KEYS */;
UNLOCK TABLES;

--
-- Table structure for table `depositstatus`
--

DROP TABLE IF EXISTS `depositstatus`;
/*!40101 SET @saved_cs_client     = @@character_set_client */;
/*!50503 SET character_set_client = utf8mb4 */;
CREATE TABLE `depositstatus` (
  `id` int NOT NULL AUTO_INCREMENT,
  `name` varchar(45) DEFAULT NULL,
  PRIMARY KEY (`id`)
) ENGINE=InnoDB DEFAULT CHARSET=utf8mb3;
/*!40101 SET character_set_client = @saved_cs_client */;

--
-- Dumping data for table `depositstatus`
--

LOCK TABLES `depositstatus` WRITE;
/*!40000 ALTER TABLE `depositstatus` DISABLE KEYS */;
/*!40000 ALTER TABLE `depositstatus` ENABLE KEYS */;
UNLOCK TABLES;

--
-- Table structure for table `designation`
--

DROP TABLE IF EXISTS `designation`;
/*!40101 SET @saved_cs_client     = @@character_set_client */;
/*!50503 SET character_set_client = utf8mb4 */;
CREATE TABLE `designation` (
  `id` int NOT NULL AUTO_INCREMENT,
  `name` varchar(45) DEFAULT NULL,
  PRIMARY KEY (`id`)
) ENGINE=InnoDB AUTO_INCREMENT=11 DEFAULT CHARSET=utf8mb3;
/*!40101 SET character_set_client = @saved_cs_client */;

--
-- Dumping data for table `designation`
--

LOCK TABLES `designation` WRITE;
/*!40000 ALTER TABLE `designation` DISABLE KEYS */;
INSERT INTO `designation` VALUES (1,'Masjid Manager'),(2,'Accountant'),(3,'Office secratary'),(4,'caretakers'),(5,'Security'),(6,'volunteers'),(7,'Imam'),(8,'Muazzin'),(9,'Madrasa Teachers'),(10,'Hafiz');
/*!40000 ALTER TABLE `designation` ENABLE KEYS */;
UNLOCK TABLES;

--
-- Table structure for table `district`
--

DROP TABLE IF EXISTS `district`;
/*!40101 SET @saved_cs_client     = @@character_set_client */;
/*!50503 SET character_set_client = utf8mb4 */;
CREATE TABLE `district` (
  `id` int NOT NULL AUTO_INCREMENT,
  `name` varchar(45) DEFAULT NULL,
  `province_id` int NOT NULL,
  PRIMARY KEY (`id`),
  KEY `fk_district_province1_idx` (`province_id`),
  CONSTRAINT `fk_district_province1` FOREIGN KEY (`province_id`) REFERENCES `province` (`id`)
) ENGINE=InnoDB AUTO_INCREMENT=26 DEFAULT CHARSET=utf8mb3;
/*!40101 SET character_set_client = @saved_cs_client */;

--
-- Dumping data for table `district`
--

LOCK TABLES `district` WRITE;
/*!40000 ALTER TABLE `district` DISABLE KEYS */;
INSERT INTO `district` VALUES (1,'Jaffna',1),(2,'Kilinochchi',1),(3,'Mannar',1),(4,'Mullaitivu',1),(5,'Vavuniya',1),(6,'Puttalam',2),(7,'Kurunegala',2),(8,'Gampaha',3),(9,'Colombo',3),(10,'Kalutara',3),(11,'Anuradhapura',4),(12,'Polonnaruwa',4),(13,'Matale',5),(14,'Kandy',5),(15,'Nuwara Eliya	C',5),(16,'Kegalle',6),(17,'Ratnapura',6),(18,'Trincomalee',7),(19,'Batticaloa',7),(20,'Ampara',7),(21,'Badulla',8),(22,'Monaragala',8),(23,'Hambantota',9),(24,'Matara',9),(25,'Galle',9);
/*!40000 ALTER TABLE `district` ENABLE KEYS */;
UNLOCK TABLES;

--
-- Table structure for table `employee`
--

DROP TABLE IF EXISTS `employee`;
/*!40101 SET @saved_cs_client     = @@character_set_client */;
/*!50503 SET character_set_client = utf8mb4 */;
CREATE TABLE `employee` (
  `id` int NOT NULL AUTO_INCREMENT,
  `number` char(4) DEFAULT NULL,
  `fullname` varchar(150) DEFAULT NULL,
  `callingname` varchar(45) DEFAULT NULL,
  `photo` longblob,
  `gender_id` int NOT NULL,
  `dobirth` date DEFAULT NULL,
  `nic` char(12) DEFAULT NULL,
  `address` text,
  `mobile` char(10) DEFAULT NULL,
  `land` char(10) DEFAULT NULL,
  `email` varchar(45) DEFAULT NULL,
  `emptype_id` int NOT NULL,
  `designation_id` int NOT NULL,
  `doassignment` date DEFAULT NULL,
  `description` text,
  `empstatus_id` int NOT NULL,
  `masjid_id` int NOT NULL,
  PRIMARY KEY (`id`),
  KEY `fk_employee_gender_idx` (`gender_id`),
  KEY `fk_employee_designation1_idx` (`designation_id`),
  KEY `fk_employee_empstatus1_idx` (`empstatus_id`),
  KEY `fk_employee_emptype1_idx` (`emptype_id`),
  KEY `fk_employee_masjid1_idx` (`masjid_id`),
  CONSTRAINT `fk_employee_designation1` FOREIGN KEY (`designation_id`) REFERENCES `designation` (`id`),
  CONSTRAINT `fk_employee_empstatus1` FOREIGN KEY (`empstatus_id`) REFERENCES `empstatus` (`id`),
  CONSTRAINT `fk_employee_emptype1` FOREIGN KEY (`emptype_id`) REFERENCES `emptype` (`id`),
  CONSTRAINT `fk_employee_gender` FOREIGN KEY (`gender_id`) REFERENCES `gender` (`id`),
  CONSTRAINT `fk_employee_masjid1` FOREIGN KEY (`masjid_id`) REFERENCES `masjid` (`id`)
) ENGINE=InnoDB AUTO_INCREMENT=54 DEFAULT CHARSET=utf8mb3;
/*!40101 SET character_set_client = @saved_cs_client */;

--
-- Dumping data for table `employee`
--

LOCK TABLES `employee` WRITE;
/*!40000 ALTER TABLE `employee` DISABLE KEYS */;
INSERT INTO `employee` VALUES (1,'1001','Riyaz Mohamed','Riyaz',_binary 'data:image/jpeg;base64,/9j/4AAQSkZJRgABAQEAYABgAAD/4QJ4RXhpZgAATU0AKgAAAAgABAE7AAIAAAADSFAAAIdpAAQAAAABAAABSpydAAEAAAAGAAACauocAAcAAAEMAAAAPgAAAAAc6gAAAAEAAAAAAAAAAAAAAAAAAAAAAAAAAAAAAAAAAAAAAAAAAAAAAAAAAAAAAAAAAAAAAAAAAAAAAAAAAAAAAAAAAAAAAAAAAAAAAAAAAAAAAAAAAAAAAAAAAAAAAAAAAAAAAAAAAAAAAAAAAAAAAAAAAAAAAAAAAAAAAAAAAAAAAAAAAAAAAAAAAAAAAAAAAAAAAAAAAAAAAAAAAAAAAAAAAAAAAAAAAAAAAAAAAAAAAAAAAAAAAAAAAAAAAAAAAAAAAAAAAAAAAAAAAAAAAAAAAAAAAAAAAAAAAAAAAAAAAAAAAAAAAAAAAAAAAAAAAAAAAAAAAAAAAAAAAAAAAAAAAAAAAAAAAAAAAAHqHAAHAAABDAAAAVwAAAAAHOoAAAABAAAAAAAAAAAAAAAAAAAAAAAAAAAAAAAAAAAAAAAAAAAAAAAAAAAAAAAAAAAAAAAAAAAAAAAAAAAAAAAAAAAAAAAAAAAAAAAAAAAAAAAAAAAAAAAAAAAAAAAAAAAAAAAAAAAAAAAAAAAAAAAAAAAAAAAAAAAAAAAAAAAAAAAAAAAAAAAAAAAAAAAAAAAAAAAAAAAAAAAAAAAAAAAAAAAAAAAAAAAAAAAAAAAAAAAAAAAAAAAAAAAAAAAAAAAAAAAAAAAAAAAAAAAAAAAAAAAAAAAAAAAAAAAAAAAAAAAAAAAAAAAAAAAAAAAAAAAAAAAAAAAAAAAAAAAAAAAAAAAAAAAAAAAAAAAASABQAAAA/+EDW2h0dHA6Ly9ucy5hZG9iZS5jb20veGFwLzEuMC8APD94cGFja2V0IGJlZ2luPSfvu78nIGlkPSdXNU0wTXBDZWhpSHpyZVN6TlRjemtjOWQnPz4NCjx4OnhtcG1ldGEgeG1sbnM6eD0iYWRvYmU6bnM6bWV0YS8iPjxyZGY6UkRGIHhtbG5zOnJkZj0iaHR0cDovL3d3dy53My5vcmcvMTk5OS8wMi8yMi1yZGYtc3ludGF4LW5zIyI+PHJkZjpEZXNjcmlwdGlvbiByZGY6YWJvdXQ9InV1aWQ6ZmFmNWJkZDUtYmEzZC0xMWRhLWFkMzEtZDMzZDc1MTgyZjFiIiB4bWxuczpkYz0iaHR0cDovL3B1cmwub3JnL2RjL2VsZW1lbnRzLzEuMS8iLz48cmRmOkRlc2NyaXB0aW9uIHJkZjphYm91dD0idXVpZDpmYWY1YmRkNS1iYTNkLTExZGEtYWQzMS1kMzNkNzUxODJmMWIiIHhtbG5zOmRjPSJodHRwOi8vcHVybC5vcmcvZGMvZWxlbWVudHMvMS4xLyI+PGRjOmNyZWF0b3I+PHJkZjpTZXEgeG1sbnM6cmRmPSJodHRwOi8vd3d3LnczLm9yZy8xOTk5LzAyLzIyLXJkZi1zeW50YXgtbnMjIj48cmRmOmxpPkhQPC9yZGY6bGk+PC9yZGY6U2VxPg0KCQkJPC9kYzpjcmVhdG9yPjwvcmRmOkRlc2NyaXB0aW9uPjwvcmRmOlJERj48L3g6eG1wbWV0YT4NCiAgICAgICAgICAgICAgICAgICAgICAgICAgICAgICAgICAgICAgICAgICAgICAgICAgICAgICAgICAgICAgICAgICAgICAgICAgICAgICAgICAgICAgICAgICAgICAgICAgICAKICAgICAgICAgICAgICAgICAgICAgICAgICAgICAgICAgICAgICAgICAgICAgICAgICAgICAgICAgICAgICAgICAgICAgICAgICAgICAgICAgICAgICAgICAgICAgICAgICAgIAogICAgICAgICAgICAgICAgICAgICAgICAgICAgICAgICAgICAgICAgICAgICAgICAgICAgICA8P3hwYWNrZXQgZW5kPSd3Jz8+/9sAQwAHBQUGBQQHBgUGCAcHCAoRCwoJCQoVDxAMERgVGhkYFRgXGx4nIRsdJR0XGCIuIiUoKSssKxogLzMvKjInKisq/9sAQwEHCAgKCQoUCwsUKhwYHCoqKioqKioqKioqKioqKioqKioqKioqKioqKioqKioqKioqKioqKioqKioqKioqKioq/8AAEQgCcgVPAwEiAAIRAQMRAf/EAB8AAAEFAQEBAQEBAAAAAAAAAAABAgMEBQYHCAkKC//EALUQAAIBAwMCBAMFBQQEAAABfQECAwAEEQUSITFBBhNRYQcicRQygZGhCCNCscEVUtHwJDNicoIJChYXGBkaJSYnKCkqNDU2Nzg5OkNERUZHSElKU1RVVldYWVpjZGVmZ2hpanN0dXZ3eHl6g4SFhoeIiYqSk5SVlpeYmZqio6Slpqeoqaqys7S1tre4ubrCw8TFxsfIycrS09TV1tfY2drh4uPk5ebn6Onq8fLz9PX29/j5+v/EAB8BAAMBAQEBAQEBAQEAAAAAAAABAgMEBQYHCAkKC//EALURAAIBAgQEAwQHBQQEAAECdwABAgMRBAUhMQYSQVEHYXETIjKBCBRCkaGxwQkjM1LwFWJy0QoWJDThJfEXGBkaJicoKSo1Njc4OTpDREVGR0hJSlNUVVZXWFlaY2RlZmdoaWpzdHV2d3h5eoKDhIWGh4iJipKTlJWWl5iZmqKjpKWmp6ipqrKztLW2t7i5usLDxMXGx8jJytLT1NXW19jZ2uLj5OXm5+jp6vLz9PX29/j5+v/aAAwDAQACEQMRAD8A+baKKKACiiigAooooAKKKKACiiigAooooAKKKKACiiigAooooAKKKKACiijpQAUUUUAFFFFABRRRQAUUUUAFFFFABRRRQAUUUUAFFFFABRRRQAUUUUAWbz/lh/1xWq1Wbz/lh/1xWq1ABRRRQAUUUUAFFFFABRRRQAUUUUAFFFFABRRRQAUUUUAFFFFABRRRQAUUUUAFFFFABRRRQAUUUUAFFFFABRRRQAUUUUAFFFFABRRRQAUUUUAFFFFABRRRQAUUUUAFFFFABRRRQAUUUUAFFFFABRRRQAUUUUAFFFFABRRRQAUUUUAFFFFABRRRQAUUUUAFFFFABRRRQAUUUUAFFFFABRRRQAUUUUAFFFFABRRRQAUUUUAFFFFABRRRQAUUUUAFFFFABRRRQAUUUUAFFFFABRRRQAUUUUAFFFFABRRRQAUUUUAFFFFABRRRQAUUUUAFFFFABRRRQAUUUUAFFFFABRRRQAUUUUAFFFFABRRRQAUUUUAFFFFABRRRQAUUUUAFFFFABRRUkEEtzMsVvG0kjHCqoyTQJtJXZ3vwz06wudK8R3htob3WLOzL2FtMoYE4OWCn7xHHFcFcSyz3DyXBJlZstkY5+navRfCvg59KYahqDkXQU7I0bhMjue5rF8R+D7xJpb2ydrpGO5kY5df8aiGBq06k6zd+a3qrLb06nBHOMLUn7FPbr0ZyFFBBViGGCOoNFWegFFFFABRRRQAUUUUAFFFFABRRRQAUUUUAFFFFABRRRQAUUUUAWbz/AJYf9cVqtVm8/wCWH/XFarUAFFFFABRRRQAUUUUAFFFFABRRRQAUUUUAFFFFABRRRQAUUUUAFFFFABRRRQAUUUUAFFFFABRRRQAUUUUAFFFFABRRRQAUUUUAFFFFABRRRQAUUUUAFFFFABRRRQAUUUUAFFFFABRRRQAUUUUAFFFFABRRRQAUUUUAFFFFABRRRQAUUUUAFFFFABRRRQAUUUUAFFFFABRRRQAUUUUAFFFFABRRRQAUUUUAFFFFABRRRQAUUUUAFFFFABRRRQAUUUUAFFFFABRRRQAUUUUAFFFFABRRRQAUUUUAFFFFABRRRQAUUUUAFFFFABRRRQAUUUUAFFFFABRRRQAUUUUAFFFFABRRRQAUUUUAFFFFABRRRQAUUUUAFFFFABRRRQAUUUUAT2VnNqF5Ha2qb5ZGwB/WvWvD3hq10G2G0CS5YfvJiP0HoK5X4a20b3t5csAXjRVX2znP8q9Er0sLSXLzvc+NzzG1HV+rxdkt/Ma/+rb6VVq0/wDq2+lVa7WfPU9jl/FHhaPUIXu7FAl0oyVHST/69ecEEEgjBHUGvb68n8U26W3iW7SIYUsGwOxIya87FU0vfR9dkuLnO9Cetldf5GRRRRXCfShRRRQAUUUUAFFFFABRRRQAUUUUAFFFFABRRRQAUUUUAWbz/lh/1xWq1Wbz/lh/1xWq1ABRRRQAUUUUAFFFFABRRRQAUUUUAFFFFABRRRQAUUUUAFFFFABRRRQAUUUUAFFFFABRRRQAUUUUAFFFFABRRRQAUUUUAFFFFABRRRQAUUUUAFFFFABRRRQAUUUUAFFFFABRRRQAUUUUAFFFFABRRRQAUUUUAFFFFABRRRQAUUUUAFFFFABRRRQAUUUUAFFFFABRRRQAUUUUAFFFFABRRRQAUUUUAFFFFABRRRQAUUUUAFFFFABRRRQAUUUUAFFFFABRRRQAUUUUAFFFFABRRRQAUUUUAFFFFABRRRQAUUUUAFFFFABRRRQAUUUUAFFFFABRRRQAUUUUAFFFFABRRRQAUUUUAFFFFABRRRQAUUUUAFFFFABRRRQAUUUUAFKiNI4SNSzMcAAZJpK6/wCGqRz+KRbGJXnljPlMxACEcnk9OBTjy3952RlWnOFNyhHmfRLqdT8PPCF5pqPf6ixiE6AC3xz7E11l1aGH5l5T+VbbWU8KR+Yq/OgZSrhgR7EVt+F/DS6xeO9+qmyh/wBaC2N3oOK9KOJwtOnaM07eaufndXDZpjMZzVKTTbts0l8/I8+f/Vt9Kq16L8Qf+Ea8KJDbWGiRXF3cJ5mZJpNiJnGeG5Jwal8M6T4Y8SaCt9Hpi20hYxupmc7XHpzz1Brn/tOi+j/r5nuLhvFxjfmj97/yOBgssrul7jgV5p418LX9nqM2opuubeZtxZRzH7H/ABr2fU9Kn0y/ktpQCUPBB6jsap3OnXE9kSFj2sdvzuBk4zgA9a2q1sNUjZzX3nnYCGZYXEc0aMn0as/zPnSireqyQy6tcvbR+XEZDtX05qpXnvc+8i24ptWCiiikUFFFFABRRRQAUUUUAFFFFABRRRQAUUUUAFFFFAFm8/5Yf9cVqtVm8/5Yf9cVqtQAUUUUAFFFFABRRRQAUUVcj0jUpbT7VFp909vgt5ywMUwOpzjFNJvYTkluU6KKKQwooooAKKs2mmX9+rGwsri5CHDGGJn2/XAqKe3mtZ2huoZIZV+8kilWH1Bp2dri5le1yOiip7Sxu7+RksbWa5dRllhjLkD14pbg2krsgorS/wCEc1v/AKA2of8AgK/+FH/COa3/ANAbUP8AwFf/AAquWXYj2kO6M2itL/hHNb/6A2of+Ar/AOFH/COa3/0BtQ/8BX/wo5Zdg9pDujNoqzd6dfaft+32dxbb87fOiZN2PTI5pLSwvL9mWxtJ7llGWEMZcge+KVnexXNG176FeirF3YXlgyrfWk9szDKiaMoSPbNV6Ww001dBRRRQMKKmtbO5vpvKsrea4kxnZEhc49cCrX9gax5gj/sm+3kbgv2Z8keuMe9Plb2Jc4p2bM+itL/hHNb/AOgNqH/gK/8AhR/wjmt/9AbUP/AV/wDCnyy7E+0h3Rm0Vpf8I5rf/QG1D/wFf/Cj/hHNb/6A2of+Ar/4Ucsuwe0h3Rm0Vpf8I5rf/QG1D/wFf/Cql3Y3dhII761mtnYZCzRlCR64NJxa3Q1OLdkyCiiikWFFFX4tB1eeJZYNKvpI3GVdLZyGHqDimk3sS5KO7KFFaX/COa3/ANAbUP8AwFf/AAo/4RzW/wDoDah/4Cv/AIU+WXYn2kO6M2itL/hHNb/6A2of+Ar/AOFH/COa3/0BtQ/8BX/wo5Zdg9pDujNopWVkYq4KspwQRgg0lSaBRRVu10nUb6IyWNhdXMYOC0MLOAfTIFNJvYTaSuypRT5oZbeZobiN4pUOGR1Ksp9waZSHuFFFFABRV230bVLyATWmm3k8TdHigZlP4gVL/wAI5rf/AEBtQ/8AAV/8Krll2IdSC0bRm0Vpf8I5rf8A0BtQ/wDAV/8ACoLrSNSsYhLe6fdW8ZOA80LIM+mSKOWS6AqkG7JlSiinRxvLIscSs7scKqjJJ9AKksbRWl/wjmt/9AbUP/AV/wDCj/hHNb/6A2of+Ar/AOFVyy7GftId0ZtFaX/COa3/ANAfUP8AwFf/AAqncWdzZvtu7eWBvSVCp/Wk4tbopTi9EyGiiikUFFFFABRRRQAUUU6ON5ZFjiVndjhVUZJPoBQA2irlzo2p2cJmvNOu7eIHBeWBlUfiRVOm01uJSUldMKKKKQwooq/FoOrzxLLBpV9JG4yrpbOQw9QcU0m9iXJR3ZQorS/4RzW/+gNqH/gK/wDhR/wjmt/9AbUP/AV/8KfLLsT7SHdGbRV6XQtWgQtNpd7Go6l7dwP5VRIwcGk01uUpKWzCiiikUFFFT2ljd38hjsbWa5dRkrDGXIHrgUbibSV2QUVNdWd1Yy+Ve201vIRnZNGUOPXBqGjYE01dBRRRQMKKfDDJcTLFBG8sjnCoiklj6ACrF3pWoWEYkvrC6tkY4DTQsgJ9MkU7PcXMk7NlSiiikMKKKKACirzaHqyW5nfS71YQu8yG3cKF9c46VRptNbiUlLZhRRRSGFFFXINI1K6t/tFrp91NDz+8jgZl468gYppN7CcktynRRRSGFFFFABRVi0069vywsLO4uSn3vJiZ9v1wKZc2txZzGG8glglAyUlQqw/A07O1xcyva+pFRRRSGFFFFABRV06Lqi2v2ltNvBBt3+aYG27fXOMY96pU2mtxKSezCiiriaRqUlp9qTT7prfaW84QMUwOp3YxihJvYHJLcp0UUUhhRRRQAUVatNLv79Waxsbm5VThjDCzgH3wKgngmtpmhuYnhlQ4ZJFKsv1Bp2dri5k3a4yiiikMKKKKACiiigAooooAKKKKACiiigAooooAKKKKACiiigAooooAKKKKACiiigArsvhPJbxfEjTjeyRxwHeHaRgq4KnqTXG0dOlRUjzwce5UZcslI+rtbvtDW6ijgvrPy441VQtwuAAc+vtUN5qunD4e6zFbavbRSF42CrcLucZJI6+9fLG4+ppNx9TXm08uUJc3MdcsU5dD6E8U3WnN4F8Ny/2jb3F2Y5VkPnKWVcgqp57ZNQX15Zw+BvD/ANi1SGGSSdzMkc4zu3EBiM9gBXgWT6mjJ9a6/q67mf1h9j6h8Ralpc2pDfqVrMfIRC4nXn5Rnv7U6yvdEfSJ/OvbMtGWdAZ1yG2nnrXy5uPqaXcfU1yyy9OV+YuOKceg+5ObqUjkbz/Oo6KK9Q4wooooAKKKKACiiigAooooAKKKKACiiigAooooAKKKKALN5/yw/wCuK1Wqzef8sP8AritVqACiiigAooooAKKKKACvbvAgz4JsAeRtb/0I14jXtngpingKzZeCI3I/76auzB/G/Q8nNf4K9f8AM4Tx74S/sa7OoWKf6DO3Kgf6pj2+h7flXHV7V4d1yz8Y6FLb3saGZV8u5hPQ/wC0PY/oa8v8U+HJ/DmqtA+Xt5MtBLj7y+n1Hepr01/Ehsy8HiJNuhV+JfiYtFFFcp6Z6d8Jv+PHUv8Aron8jXJeO/8AkddQ/wB5f/QRXW/Cb/jx1L/ron8jXJeO/wDkddQ/3l/9BFdlT/d4/wBdzyKP+/1PT/I56u8+FH/Icvf+vb/2YVwdd58KP+Q5e/8AXt/7MKyw/wDFR147/dpnSeJ/Hv8AwjmsfYf7N+0/u1ff5+zrnjG0+lY//C2/+oJ/5N//AGFY/wATv+Rv/wC3dP5muPrWriKkZtJnLhsDh50YylHVru/8z0j/AIW3/wBQT/yb/wDsKP8Ahbf/AFBP/Jv/AOwrzeis/rNXub/2dhf5fxf+Z0ni3xd/wlP2X/Qvsv2fd/y137s49hjpWVour3Gh6rFfWh+ZD8yk8OvdTVCisnOTlzPc6o0acKfs0tD2rVLCx8d+FUmtWAdl3wSHrG/dT/I141c20tndSW9yhjliYq6nqCK6XwN4pOg6n9nunP2G4IEmf+Wbdm/x9vpXVfELwsNRtP7Z05Q08SZlVf8Alqn976j+X0rqmlXhzrdbnmUZPB1vYz+F7M8rpURpJFSNSzscKoGST6Ulej/DnwqMLrmoJwP+PZGH5v8A4fn6VzU6bqS5UehiK8aFNzkbfhzSLXwT4alvtTKrcMm+du49EH+eTXG2XxAuLfxJd6rc2v2nz4/Kji83YIlByB0NN8e+Kv7b1D7FZvmxtm4IPEr92+nYVyNb1a3K1Gnsjjw+F54upXV3L8Eekf8AC2/+oJ/5N/8A2FH/AAtv/qCf+Tf/ANhXm9FR9Zq9zX+zsL/L+L/zPfv7X/4pj+1/I/5dftHlb/8AZ3bc4/XFcT/wtv8A6gn/AJN//YV0f/NMf+4X/wC068Urpr1pw5eVnn4HC0avPzq9n5npH/C2/wDqCf8Ak3/9hXJ+KvEn/CTajFdfZfsvlxeXt8zfnknOcD1rDorklWqTVpM9Wlg6FKXNCNn6sKKKKxOoK9z0a6+xeA7S62b/ACbESbc43YXOM14ZXtdp/wAkzX/sGn/0CuzCaOXoeRmiTjBPuc5/wtv/AKgn/k3/APYUf8Lb/wCoJ/5N/wD2Feb0Vn9Zq9zo/s7C/wAv4v8AzPSP+Ft/9QT/AMm//sKP+Ft/9QT/AMm//sK83oo+s1e4f2dhf5fxf+ZJczfaLqWbbt8xy+M5xk5qOiiuc71oOjjeaVI41LO7BVUdya9z0i2tPC3h+ys7iRYyzLGW/vyt/wDX/QV538N9F/tHXzezLmCyG4Z6Fz938uT+Aqz8TNcNxrUOnW74Sz+ZiD/y0P8AgMfma7aP7qm6j+R5GLTxNdYdPRav+v63JfijovkX0Orwr8k48ubHZwOD+I/lXAV7RbNF428BbZCPOlj2sf7sq9/zwfoa8ZlieCZ4pVKvGxVlPYjrWeIilLnWzNcvqNwdKe8dBtFFFcx6R2nh34hf2BokWn/2Z9o8ssfM+0bc5Oem01qf8Lb/AOoJ/wCTf/2Feb0VusRVSsmcUsDh5ycpR1fm/wDM9R074ofb9TtrT+yPL8+VY9/2nO3JxnGzmrnxR/5FWP8A6+V/k1eaeHf+Rm03/r6j/wDQhXpfxR/5FWP/AK+V/k1dMakp0ZOTPPq0KdHFU1TVrnkVX9C/5GHT/wDr5j/9CFUKv6F/yMOn/wDXzH/6EK4Y/Ej2qnwM9n8UeIP+Eb0pb37N9p3SiPZ5mzqCc5wfSuR/4W3/ANQT/wAm/wD7CtX4o/8AIqx/9fK/yavIq7sRWqQnaLPFwGEoVqPNON3fzPSP+Ft/9QX/AMm//sK0bL4laJqI+z6nbyWwk4bzVEkf0OOf0ryaisFiqq3Z2Sy3DNaK3zZ6p4i+H9hqdmb7w75cMxXescbfuph7eh+nH868tkjeKRo5VKOhKsrDBBHau/8Ahfrkq30ujzOWhkQyQgn7rDqB9Rz+FUPibpiWXiNLqJdq3ke9sf3xwf6VVWMZw9rFW7meGqVKVZ4ao79mcbRRRXIeqFFFFABXafDTRft+uNqEy5hsxlcjrIen5cn8q4sAsQAMk8ACvZtOij8FeAjLMAJkj82Qf3pW6D+Q/CunDwTnzPZHn4+q4UuSO8tDXvY7LxDp2oaaJFfaTDLj+B8Aj8sivCLu1lsrya1uF2ywuUYe4Ndb8PvED23il4ruQlNRJDkn/lpnIP8AMfjVn4oaL9m1KHVYVxHcjZLjs4HB/EfyrSq1Wp+0W6ObCp4Wu6Eno9V6nB0UUVxHshXuejXX2LwHaXWzf5NiJNucbsLnGa8Mr2u0/wCSZr/2DT/6BXZhNHL0PIzRJxgn3Oc/4W3/ANQT/wAm/wD7Cj/hbf8A1BP/ACb/APsK83orP6zV7nR/Z2F/l/F/5npsHxZgaQC50mSNO5jnDn8iBWvBqvhPxmBBPHE9wwwI7hNko9lYf0NeN0AlWBU4I5BHaqWKntLVESy2jvTvF+TO48U/DubS43vdHZ7m1UZeJuXjHr/tD9a4evUfAPjOTUHXSdWk3zhf3EzHlwP4T7+/esD4h+G00jU1vrNNtrdk5UDhH7j6Hr+dFSnFx9pT2Fh8RUhV+r19+j7nG13Pwq/5GG6/69j/AOhCuGrufhV/yMN1/wBex/8AQhWdD+KjfG/7vP0Ifih/yNcf/Xsv82rjK7P4of8AI1x/9ey/zauMor/xGVg/93h6BRRRWJ1Gx4S/5G/S/wDr5X+dd/8AFX/kXrT/AK+R/wCgmuA8Jf8AI36X/wBfK/zrv/ir/wAi9af9fI/9BNdlL+BI8jE/77SPKKKKK4z1wrc8H6L/AG54kt4HXMEZ82b/AHR2/E4H41h1638PdLTRvDMmqXeEe5BlZj/DGvT+p/Kt6EOeeuxx42t7Gi2t3ojqzc2k13LppZWlEQd4v9g5H9K8N8SaQ2h6/c2RB2K26Inuh5Fadj4slTx4dZlYiKaXY6+kR4A/AYP4V1nxO0YXelQ6tbgM9v8ALIR3jPQ/gf510VJKvByW6/I87Dwlg60YS2mvxPLKKKK4D3Qr2b4cf8iXb/8AXST/ANCNeM17N8OP+RLt/wDrpJ/6Ea68J/E+R5Wa/wABev8Amcn8QfCP9nztq+np/osrfvkUf6tj3+h/Q1wte1eGvEVv4ns7mxvkQ3MW5JoiOJEzjcB/OvNvF/hiXw5qhCAtZTEmCT0/2T7j9aK9NW9pDZjwWIlf2FX4l+Jz1FFFch6h6L8Jv9fqf+7H/NqxPiP/AMjrcf8AXOP/ANBFbfwm/wBfqf8Aux/zasT4j/8AI63H/XOP/wBBFdkv92Xr/meRT/5GM/T/ACOVooorjPXCiiigD2u7/wCSZt/2DR/6BXile13f/JM2/wCwaP8A0CvFK7MVvH0PJyzafqFe4+CQD4J04EZBiOQf9414dXtvhFzH4AsnThlgcj65ajB/G/QWbfwo+pwPjvwkdDvPttkv+gXDcAf8sm/u/T0rkK9r8P61ZeNPD0kF5Gpk27LmH+TD2PUehryzxN4duPDmqtby5aF8tBLjh1/xHepr00v3kNma4PESbdCr8S/Ex6KKK5T0j1H4T/8AIL1D/rsv/oNcZ42/5HTUv+ug/wDQRXZ/Cf8A5Beof9dl/wDQa4zxt/yOmpf9dB/6CK7Kn+7xPIof7/U9P8jBooorjPXCiiigAooooAKKKKACiiigAooooAKK9J+EnwiPxTXViNb/ALLOneV/y6ed5m/f/trjGz361w/iDQ73w14hvdG1SPy7uylMUg7HHQj2IwR7EU5LlfK/UFqrmdRU9jZXOpahb2NjE01zcyLFFGvV2Y4A/M16b8T/AIIy/DTwnYaxc66t/NdXC28lstp5YjYozEh953AFcdBnr7UnorsN3Y8rooooAKKKKACiivZ/hd4d+FGp/DjU7vxxqEEOsxySBRLfNDJGgUbTGgYCQ5z2bnjFHRvsHVLueMUV2nwn03wnqvj+2tfH1ylvpLROcyzGGN5APlV5ARtHU5yOQBnmm/FbTvCmlfEC6tfAdzHcaSsaEGKczRq5HzKrkncOnOTyTzRLS3mC1v5HG0UV3/wZ8B6Z8RPHEuja3PdwW6WUlwGtHVX3KyADLKwx8x7U0ribscBRXUfEnwzZ+DviLq2gaZJPLa2UiLG9wwZyDGrckADqx7VzCjcwHqcUo+/a3Up6OwlFfR8f7JPmRK//AAmuNwBx/ZX/ANup3/DI3/U7f+Un/wC3UCWp83UV6d47+EEXgPxz4d0K41l9Si1eRA8qWwgaNTIEOMs+Tg5z+lWPjj8L9F+Gd5o0Wg3V/cLfRytKb2RGIKFQMbUX+8euanmTSa7tfcOzvY8poooqhBRRRQAUUUUAFFFFABRRRQAUUUUAFFFFABRRRQAUUUUAWbz/AJYf9cVqtVm8/wCWH/XFarUAFFFFABRRRQAUUUUAFe1eDP8AkQLT/rk//oTV4rXtXgz/AJEC0/65P/6E1dmE+N+h5Oa/wo+v+Z5JpGr3Oiasl7Zth0PzKejr3U+1evzxaZ488LgoflcZRv4oJB/n8RXiTfeP1rf8IeJ5fDmqZfL2cxAnj9P9oe4qKNVRfLLZmuMwzqJVKfxoydT0250nUZbK8TZLE2D6EdiPY1Vr2Xxd4bg8VaPHd6eyNdRpvgkU8Sqeduf5e9eOSI0UjRyKVdSQykcg+lRWpOnLyNcJiViIX6rc9M+E3/HjqX/XRP5GuS8d/wDI66h/vL/6CK634Tf8eOpf9dE/ka5Lx3/yOuof7y/+gitqn+7x/ruclH/f6np/kc9XefCj/kOXv/Xt/wCzCuDrvPhR/wAhy9/69v8A2YVlh/4qOvHf7tMp/E7/AJG//t3T+Zrj69s13VPCdpqXla/Hatd7Acy2ZkO3tztPvWb/AG98Pf8Anjp//gtP/wARW9SjFzb5kcWHxc4UoxVOTsux5LRXrX9vfD3/AJ46f/4LT/8AEUf298Pf+eOn/wDgtP8A8RWfsI/zo2+vT/59S+48lop85RriQx42FyVwMcZ4plcp6YV6f8OfFX2mEaJqD5lQf6M7H7y/3Pw7e30rzCtTw3pd5q2u28Gns0cisHMw/wCWQB+9W1GcoTTicuLpQq0mp6W69ju7z4bxzeLlni2ppUh82VAcFWz9wex/Tn2p/wAQfE66bZDRNMYJLIgEpTjyo8cKPQkfp9a7pWUFYWlBl2ZxkbiOmcV4d4u0i80jxBOt87TecxkSdv8AloCev17YrsrL2UHyLc8fByeJqr2zvyrRdzEooorzT6IKKKKAPa/+aY/9wv8A9p14pXtf/NMf+4X/AO068UrsxX2fQ8nLf+XnqFFFFcZ6wUUUUAFe12n/ACTNf+waf/QK8Ur3XQrZLzwRZW0pYJNZrGxXqAVxxXZhNXL0PIzR2jBvueFUV61/wqvRP+frUP8Av4n/AMRR/wAKr0T/AJ+tQ/7+J/8AEVP1Woaf2nh+7+48lor1r/hVeif8/Wof9/E/+Irm/GvgzT/DelwXNjNdSPJNsImdSMYJ7KPSplh6kVzM0p4+hUmoR3ZxNAGTgcmium8BaL/bHiWJpVzb2v76T0JH3R+f8jWMYuUlFHXVqKnBzl0PQdGt4vBvgQz3KgSrGZ5R6uei/wAhXjtzcSXd1LcTtuklcux9STmvQvinrX/Hvo8Lf9Npsf8Ajo/mfyrziujESV1BbI4Mvpvkdae8juvhhrX2XVpdMmbEd0N0eezj/EfyFQ/ErRfsGurfwriG9GWx2kHX8+D+dcha3MlndxXMDbZYnDqfQg5r2TV7eLxl4GEtsAZJIxNCP7sg6r/MVVP97ScOq2M8R/s2JjW6S0Z4tRQQVJBGCOCDRXGeuFFFFAGl4d/5GbTf+vqP/wBCFel/FH/kVY/+vlf5NXmnh3/kZtN/6+o//QhXpfxR/wCRVj/6+V/k1dlH+DM8jFf73SPIqv6F/wAjDp//AF8x/wDoQqhV/Qv+Rh0//r5j/wDQhXLH4kepU+Bnp3xR/wCRVj/6+V/k1eRV678Uf+RVj/6+V/k1eRV0Yr+Ieflf+7/NhRRU1pZ3N/cCCygknlbokaljXLuek2krs6L4dxPJ40timcRo7N9NpH8yK3PizIpuNMj43BZGP0yP8K3fBXhb/hGbGW91JkW6lX5+flhQc4z/ADNed+MdcGveIpbiEk28Y8qHPdR3/E5Ndsl7OhyvdnkU5LEY32kNorcwqKKK4j2AooooA6n4f6L/AGt4kSWVc29n+9fPQn+Efnz+FbXxS1rfcW+kQtxH+9mx6n7o/LJ/EV0PhGwi8MeC2vLwbHkQ3M3qBjgfl+pryTUr6XU9TuL2c5kncufb2rsn+6oqPVnk0v8AacW6n2Y6L1/r9CCORopFkjYq6EMpHYivZ/3XjbwH/D5s0X/fEq//AFx+Rrxau++F2teRqE2kzN8lwPMiyejgcj8R/Kow0kpcr2ZpmFNumqsd46nByRvFK0cilXQlWU9iKbXY/EjRf7O18XsS4gvRu4HAcfe/Pg/ia46sZxcJOLO2jVVWmprqFe12n/JM1/7Bp/8AQK8Ur2u0/wCSZr/2DT/6BXThd5eh52Z7Q9TxSiiiuM9YKKKKAJbW5ks7yK5gYrJE4dSOxBzXsniyGPW/AM06jP7lbmP2wM/yyK8Wr2uD5fhkPM/6Bhzn/rnXZhtVKPkeRmPuzpzW6Z4pXc/Cr/kYbr/r2P8A6EK4au5+FX/Iw3X/AF7H/wBCFY0P4qOvG/7vP0Ifih/yNcf/AF7L/Nq4yvbde1PwpZ6gI/EEdq11sBBmtDKdvOOdp96zP7e+Hv8Azx0//wAFp/8AiK6KlGMpt8yOHD4ucKMYqnJ28jyWivWv7e+Hv/PHT/8AwWn/AOIo/t74e/8APHT/APwWn/4is/YR/nRv9en/AM+pfcee+Ev+Rv0v/r5X+dd/8Vf+RetP+vkf+gmrmnaz4In1KCPTYrIXbOBEUsCh3dsHYMVT+Kv/ACL1p/18j/0E1soKFGSTuccqzq4ym3Fx9TyiiiivPPfNPw7pL63r1tYrna7ZkI7IOSfyr0b4j6smmeHYtLtcI918u1f4Y16/0H51B8MNF+zabNq064e4+SInsg6n8T/KuI8Xaydc8SXFypzCh8uH/dHf8eT+Ndi/dUb9ZHkP/acZb7MPz/r8jEr2HwTqMXiLwe1jefO8Km3lB6lCPlP5cfhXj1dN4C1r+yPE0Syti3uv3MmTwCfun8/51nh58k9dmdOOo+1ou261Ri6tp0uk6tc2M33oXK5/vDsfxFU69J+KWi5WDWIV6fuZ8D/vk/zH5V5tUVYezm4muFre3pKf9XCvZvhx/wAiXb/9dJP/AEI14zXs3w4/5Eu3/wCukn/oRrbCfxPkcea/wF6/5nlMGo3Ok6817ZPslimYj0IzyD7GvXoJtN8eeFyrj5XGHX+KCQf5/EV4vd/8f0//AF0b+danhfxHP4c1UTpl7eTCzxf3l9fqO1TRq8j5ZbM1xeGdWCnDSS2Kes6Rc6HqktleLhkPytjh17MKo17V4j0O08ZeH457KRGmC+ZbTDv/ALJ9j+hrxmeCW1uJILhDHLGxV1PUEdqmtS9nLTZl4TEqvDX4lueg/Cb/AF+p/wC7H/NqxPiP/wAjrcf9c4//AEEVt/Cb/X6n/ux/zasT4j/8jrcf9c4//QRWsv8Adl6/5nLT/wCRjP0/yOVooorjPXCiiigD2u7/AOSZt/2DR/6BXile13f/ACTNv+waP/QK8UrsxW8fQ8nLNp+oV7X4U/5J5af9e7/zavFK9r8Kf8k8tP8Ar3f+bUYT436Bmn8OPqeSaJrNzoWqR3to3KnDoTw691NevXdtpvjvwurRtw43Rvj5oZPQ/wBR3rxGuj8HeKJPDmpYlJaynIEyf3f9oe4/WooVVH3JbM1xmGdRKrT+NGLqOn3Gl6hLZ3iFJomwR6+49jVavY/GXhmLxPpSXunFGu403Qup4mTrtz/L/wCvXjrKyOUcFWU4II5BqK1J05W6G2ExKxEL9VueofCf/kF6h/12X/0GuM8bf8jpqX/XQf8AoIrs/hP/AMgvUP8Arsv/AKDXGeNv+R01L/roP/QRW1T/AHeJx0P9/qen+Rg0UUVxnrhRRRQAUUUUAFFFFABRRRQAUUUUAfSX7JHCeK/+3T/2rSfH3wtZ+M/B9h8SvDAEoSIJehRkmPOAxx3Rsqfb/dpf2Sf9X4s/7df/AGtWT8APHUEWual4C8QlZdM1d5RbJLyokOQ0f0cfqP8AarStHnnyreya+79SoNRg5va9n6O/+Q39nXwda2cd/wDEbxJth07S43Fq0g43AfPJ/wABHyj3J7iuv/advF1D4SaBexqUW51CKVVPUBoJDj9a5r9oDxRYeGfD2nfDDwpiG0tYke9CtkhRykZPck/O3/AfWtn9ob/khXhL/r4tv/SZ6zk+eLa2TSX6szV4VFF7tNv8LHm/wg8LfDnWLDUNT+ImuLatZyBUsJJ/IWRSMhsj5nOQRtXBGO+a9S0f4f8AwG8ffaNM8JSbL5UJDQ3Vykq4/iVZjhgPoRWL8EvAHhhfhde+N9d0T/hIrxPOMdkYhNtWP+FYzwzsR1IPbHfO/wDCnxzpPivxxHDoPwksNESASebq8CRqbbCkYJEK4Zj8u3dnk9cGraTly+X6CT05vM+fPEfgS+0H4mS+DVkSa6+2R20Ep+VZBIRsY+mQwz6c171efC34M/DXSrOH4hXT3N9cLnzZZbgM5HUrHB0XPrn615v8cTfL+0XdHR9/9oCSzNr5Yy3m+XHsx75xXrt1458bQW0em/EP4RS63H915tORbuOT38ra4GR6sKiN3TXc1qRUanyT+88n+Lmg/Cix8OWepfDvUfMvbibZ9kguzKqpjJd1ky6noByM56VsfBv4b+FPFfwm17Wdf0r7XqFpNOsE32mVNgWFWHyqwB5JPIrovjL8N/CX/CqZfGGmeH28NalF5TfZdoiJDOFMbxqSgPzZ+Xnj8Km/Z6/5IR4p/wCvi5/9J0qXpSq90vu22GtZQfRs8W+Dvh7S/FXxV0nR9etftVhced5sPmMm7bC7DlSCOQDwam+MfhjTfDHxY1DQ/DdkbezjWDybdXeQ7mjUnliSck+tXP2fP+S5aD9Lj/0RJWz8ZL6HS/2mjf3YzBa3NjNKMZ+VUjJ/QVtNK9Nd/wDNkx+Go+y/VHc6L8EPAHgbwhDqvxZvEe6nUF45Ll4o4mIzsQRkM7AdevTgV1/wx8J/DX/hJj4n+GGoBlS1a2uLRZncAOQQxWX94p+Xvwa5/wDaL8Da/wCNrHQ9Z8KW7arbWsUm+C3bcxV9pWRV/iBAxxz0/DI/Zw+G/inw/wCKLvxBrthcaVZtZtbpDcrskmZmU5KHkAbe4HXjvURbk3fS1/6+ZEkoxVtbnlnx1/5Ld4j/AOu0f/olK8/r0D46/wDJbvEf/XaP/wBEpXn9Z0/gXoaT+Jmx4P8A+R40L/sI2/8A6MWvdP2t/wDj88K/9c7r+cVeF+D/APkeNC/7CNv/AOjFr3T9rf8A4/PCv/XO6/nFVy+GPq/yIj8UvRfmeF+D/wDkeNC/7CNv/wCjFr7D+K3hfwLqUun678Sr/wAjT9PSSKKBpmjEzPgn7nzsQE4C89a+PPB//I8aF/2Ebf8A9GLXuf7W0j/bvC8e47PLuW254zmPmiTtGPq/yCOspX7L8zaufgx8MPiD4NuL74YziC5jB8qWK5ldTIBkJIkpLKD9Ae/PSvnHw9pdje+LrHS/EN4+l2ktyIbm42AmEZwcgkAc8Enp15xivdf2SXb7b4pj3HZ5ds2PfMleeeEPCVj41+P0+iaq7JZSahdSSojbTIqM7bAe2cY45xnFC/jRitmr/duDl+7d907feeo/8I7+zjo88WmX2oQ3tz903BvblwT6s8REY/QVyXxu+Dmj+EdDtPFPg2Z30m5kVJIDL5qxhhlHR+pU47k8kc12XjvxL4N+H/iqLwxYfB2x1eTYvlTSWsa+eSAf3ZMTtJjOCc5yDW18bmZ/2b4nfSV0Zm+yE6cmMWvI/djAA+Xp0HTpWdSVoc67pfe7FxVpcr7foeOfBT4Pr8R7u51DWJ5LbRLFwj+UQHnkxnYCfugDBJ9wB6j0q48H/s9XmpP4dtb6C21N/wB2k8V/cEK/TiRiYi2e3P0p/wCz28ev/BHxB4d0+5W31LzJ4y2cFPNiAR+OcZBH/ATXjCfBT4gv4hGkf8I1eLLuwbll/wBHAzjd5v3cd8Zz7VtP41C2ll+PmZx+Bz63f4f5novxs+EvhfwD8L9MvNIsiNU+1RW9xeGaQ+d+7csdjMVXJUHgcVn2Xw88K+Kf2bp/EugaWIPEWmoftcq3MrbzEcv8hYqN0ZDcAc9K7z9pG0ksPgnotnPL58tve28Tyn+NlhcE/jiuI/Zf8TR2/iXU/Cl+wa11eAyRI54MiA7lx7oT/wB8VNnN1Irfp8lf7vI0k+VU5tdNfm2c98A/hzp/j3xZeP4htTc6Rp9vulj8xo98jHCDcpB6BjwewqD47/D6y8A+OYo9Dtmt9JvrcS28ZdnCMvyuu5iSecHk/wAVeta1pUXwM+BGvW9vLjUdXvZYLeRW+ba5KoQfURKW+pNXYtDg+Ovwn8HahcMhu9PvI1vWPVlU7J1/4EArflQ/fa5elr/Pf7ron4L83W9vltb1szzbxN8P/DHgz9nrTNX1bTPM8U6ts8mZ55VMW87/APVhgvyx8cjqeal+HfhT4NxeB7fXvHeurc3k+4S2Mk7RmBlPQRxHzG4xz0PHAqp+0z4oXVviFBodqw+y6JAIyq9BK+Gb8gEH4Gu80jwr4O+HPwO0/wAV3vg+PxVe3dtDcT+fCsu0yLu53BhGi5xkD0zmhSvGVTpfT9Pv7j5XeMOttR6/CD4S/Ebw3dS/Da6FteQr8ssVxM+xyDtEkcxLBTj0HTg18wXdrNY3s9pdJsmt5GikX+6ynBH5ivsf4K+JrLxTHqF7pXw6tfCVqFQLd2yIFuzk/KCsSZC9e/Wvk7xt/wAlA8Q/9hS5/wDRrVMrqaXdBF3izDoooqhBRRRQBZvP+WH/AFxWq1Wbz/lh/wBcVqtQAUUUUAFFFFABRRRQAV7V4M/5EC0/65P/AOhNXite1eDP+RAtP+uT/wDoTV2YT436Hk5r/Cj6/wCZ4s33j9aSlb7x+tJXGesd18PvF39nTrpOoP8A6LK37lyf9Ux7fQ/oa1PiH4R89H1rTYv3qjNzGo+8P74HqO9eY16t8P8AxaNSthpOpSZuo1xE7f8ALVB2+o/UV2UZqpH2U/keRiqUqFT6zS+a/r+upX+E3/HjqX/XRP5GuS8d/wDI66h/vL/6CK9X0Tw9BoV5fvZnEF26yLH/AM8yM5H05ryjx3/yOuof7y/+girrRcKMYvuZ4OpGrjJzjs1/kc9XefCj/kOXv/Xt/wCzCuDrvPhR/wAhy9/69v8A2YVz4f8Aio78d/u0yn8Tv+Rv/wC3dP5muPrsPid/yN//AG7p/M1x9TW/iMrB/wC7w9AooorI6gooooAdFFJPMkUKM8jsFVVGSSe1eyaDpVn4H8MS3V+yicrvuJB3PZB/L3NY3w68K+REut6gmHYf6MjD7q/3/wAe3tWB488VHW9Q+x2b/wCg2zYBH/LVu7fT0/8Ar1200qMPaS3ex49eTxdX2EPhW7KEvjDUH8VjW1bDq2Fiz8oj/ufTH6816VqVlY+PPCiS2zAORvhc9Y37qf5H868WrqPBHig+H9T8m5Y/YbggSD+4ezD+vtUUaurjPZm2KwvuqdHSUdvQ5y6tZrK6ktrmMxzRMVdT2IqKvVfiD4WGp2f9sacoa4iTMoT/AJap6+5H8q8qrKrTdOVjpwuIjiKfMt+oUUUVkdJ7X/zTH/uF/wDtOvFK9r/5pj/3C/8A2nXildmK+z6Hk5b/AMvPUKKKK4z1gooooAK9rtP+SZr/ANg0/wDoFeKV7Xaf8kzX/sGn/wBArswu8vQ8nM9oep4pRRRXGesFFFFABXtHgDRf7I8NRySri4u8SvnqB/CPy/nXmXhHRTrniO3tmXMKHzJv90dvx4H413/xH8QS6Vp0Fjp8zwXM53FomKsiD0I6ZP8AI12YdKEXVl0PIx8pVZxw0N3qyDVfhrLq+q3F9PrWHmctj7LnaOw+/wBhxVT/AIVJ/wBRv/yU/wDs64n/AISPW/8AoM6h/wCBT/40f8JHrf8A0GdQ/wDAp/8AGk6lBu7j+JcaGMirKovuX+R23/CpP+o3/wCSn/2ddZ4W8Py+G9Oks3vvtcZfen7rZsz1HU147/wket/9BnUP/Ap/8asWHizWbPUILiTU7ydI3DNFJcMyuO4IJqoVqMJXUbGdbCYqrDlnNP5F7x/ov9k+JJJYlxb3n71MDgH+Ifnz+NcvXsvjLTYvEng/7VZ/vHiQXEBHcY5H4j9RXlOjaPda7qcdlZLl25Zj0Re5NZ16bVT3ep0YLEKdC83rHRlCir+s6Pd6HqUlneoQyn5Wxw69mHtVCudpp2Z3RkpLmWxpeHf+Rm03/r6j/wDQhXpXxRIHhWIHqblcf98tXB+B9Nk1LxZZ7FJjt3E0jY4ULyP1wK6/4r3qrp9jZA/O8hlI9ABj+v6V109KEmzysR72NpxXQ8wq/oX/ACMOn/8AXzH/AOhCqFX9C/5GHT/+vmP/ANCFcsfiR6lT4Ge3a9d6RZ6esniBYWtfMAAmh80bsHHGD71zn9vfD3/njp//AILT/wDEU/4o/wDIqx/9fK/yavIq769ZwnZJHhYHBxrUeZya9Getf298PRyIdP8A/Bcf/iK6XTLqwudIFzoSQvAwJjSNfLBI7EY4/KvAK6rwL4oOg6n9nun/ANBuSA+f+Wbdm/x/+tUUsT71pJI1xOXWptwk210YzxT4y1bWZJLKdPsNujFXtkPJI7Me/wCgrmK9M+I3hcTxHXNPTLKB9pVR95ez/h39q8zrnrxmp+8d+DnSnRTpq3l5hRRRWJ2BW74O0X+3PEkELrmCI+bN/ujt+JwKwq9d+HekLpPhttQugEkuh5jM38MY6f1P41vQp889djixtf2NFtbvRG54k0SXX9INhFefY0ZgXYRb9wHbqO+Pyrjv+FSf9Rv/AMlP/s65fWfF2q32sXNxaajd28DOfKjinZAqjgcA1R/4SPW/+gzqH/gU/wDjW1StRnK7jc46GExVKFoTS+R23/CpP+o3/wCSn/2dT2XwvlsL6G7t9cxJC4dT9k7j/gdcF/wket/9BnUP/Ap/8aP+Ej1v/oM6h/4FP/jUe0oL7P4mzoYxqzqL7l/kew+MNF/tzw3PAi5njHmw/wC8O34jIrwwjBweDXqPw28ST34udO1G5knnX97E8rlmK9CMn04P41yfjzRP7H8SytEu23uv30eOgz94fgf5irxFqkVViZYFyoVJYafqjmq9rtP+SZr/ANg0/wDoFeKV7Xaf8kzX/sGn/wBApYXeXoVme0PU8UooorjPWCiipLe3mu7hILaJ5ZXOFRFySfpQF7asl06xl1PUoLO3GZJnCj29T+FeveN7qPR/A8ttGcGRFtoh6jv+gNVfBfg9fDsDajqhQXjIep+WBe/Pr6muJ8c+Jh4g1YJasTZW2ViP9892/wAPau5L2NJt7s8aUvrmJiofDHqcxXc/Cr/kYbr/AK9j/wChCuGrufhV/wAjDdf9ex/9CFc9D+Kjtxv+7z9CH4of8jXH/wBey/zauMrs/ih/yNcf/Xsv82rjKK/8RlYP/d4egUUUVidRseEv+Rv0v/r5X+dd/wDFX/kXrT/r5H/oJrgPCX/I36X/ANfK/wA67/4q/wDIvWn/AF8j/wBBNdlL+BI8jE/77SPKKt6Vp8uq6rb2MH35nC59B3P4Cqlej/C3Rf8AX6xMv/TGDP8A48f5D86wpQ9pNRO7E1lRpOZ3FxpWfDzaXYTfZB5PkpJs3bBjHTI5x71xH/CpP+o3/wCSn/2dZXjbxZfTeJJYdLv7i3t7b91+4mZA7D7xODzzx+Fc9/wket/9BnUP/Ap/8a6qtWk5Wcb2PMw2FxUYc0J2vrsdt/wqT/qN/wDkp/8AZ0D4SkEEa3gjofsn/wBnXE/8JHrf/QZ1D/wKf/Gj/hI9b/6DOof+BT/41lz0P5fxOn2ON/5+r7l/ke23WlfbvD76bfy+eXh8t5duNzY+9jnBzzXg15ay2N7Na3C7ZYXKMPcGu2+H/iq8OvfYtUvZ7iO6XbGZ5S+1x0xk8Z5H5UvxQ0T7PqEOrQrhLgeXLjs4HB/EfyrStarT9pHoYYRSwtd0Jv4tUcFXs3w4/wCRLt/+ukn/AKEa8Zr2b4cf8iXb/wDXST/0I1GE/ifI1zX+AvX/ADPH7v8A4/p/+ujfzqGprv8A4/p/+ujfzqGuV7nqR2R2PgPxb/Yt59gvnP2GduGJ/wBU3r9D3/Oul+IHhIalbHVtNjzdRrmVF/5aoO/1H6ivKa9O+Hni7z0TRdSl/eqMW0jH7w/uE+o7V10ZqcfZT+R5WLoypT+s0d1uu5W+E3+v1P8A3Y/5tWJ8R/8Akdbj/rnH/wCgivTtL8PQaRrV/e2eFjvApaLH3WBOSPY5rzH4j/8AI63H/XOP/wBBFXVg4UFF9zHC1Y1sbKceq/yOVooorgPcCiiigD2u7/5Jm3/YNH/oFeKV7Xd/8kzb/sGj/wBArxSuzFbx9Dycs2n6hXtfhT/knlp/17v/ADavFK9r8Kf8k8tP+vd/5tRhPjfoGafw4+p4pRRRXGesd78PfF32KZdH1F/9Hlb9xIx/1bH+H6H+f1q98RPCO9X1rTYvmHN1Go6j++B/P8/WvNK9Z8A+LRq1oNL1KTN5EuEZv+Wyf1I/UfjXZSmqkfZT+R5GKpSw9T6zS+a/r+upX+E//IL1D/rsv/oNcZ42/wCR01L/AK6D/wBBFetaH4fh0G4vvsZxBdSCRI/+efHI+npXkvjb/kdNS/66D/0EVdaLhRjFmeDqRq4yc47Nf5GDRRRXAe2FFFFABRRRQAUUUUAFFFFABRRRQB23w7+KuufDMagNBtdPuP7Q8vzftsbtt2bsbdrr/fPXPauO+0yi7+0xuYpt/mK0ZIKtnOQe3NRUU223djvZWJLi5nvLh7i7mknmkOXklcszH3J5Ndv4y+LmveOPCeneHtWtNOhtNPdHie2ikWRiiFBuLOR0Y9AOa4Sil0sTZX5up2vgH4seJ/hyJotCmgltJ23vaXcZeItjG4YIIOPQjPfpXXXP7T/jy4uraVINHgSFyzQxW8m2bgjDZkJwM54I5A+leOUU229wSS2Ok8SePNZ8TeOG8WTtFY6oWjZXsgyCNkUKpXJJHQd69A0/9qDx7ZWaQ3EOj37qMGe5tXDt9djqv5CvG6KS0VhvV3Z6wviLxt+0H4utPDt7fwWlvtecQwRFbeHap+dhks3OFyScbuO9e0eGvCrfBj4FeIYvEeoWs00izzsYWITc8YRI1LAEkkDt3r5HsdQvNLvEvNMu57O5j5Se3lMbr9GBBFW9W8Ta9r8caa7reo6kkZyi3l3JMEPqNxOKUknBwXVWY4tqak+hY8HeK77wR4rtPEGlRW813ab9iXKs0Z3IUOQpB6Me9O8Z+Lr/AMc+KrnX9Whtobq5VFdLVWVBtUKMBmJ6D1rCoqm72v0BNq9up6P4K+OvjPwPpS6ZYTWt/YxjEMGoRNIIR6KVZWx7ZIHatiT9pnx5LrEN8U0tY4kZRZrA4hYn+I/PuJHb5scnivIKKG77kpJaGv4r8S3njDxRe69qccEd1esrSJbqVQEKF4BJPQDvWRRRUpWVkPcs6bfy6XqtpqFuqNLaTpOiuCVLKwYA4xxkV1fxF+KWt/E2TT3161sLc6eJBF9ijdd2/bndudv7o6Y71xdFPcCzpt/Lpeq2moW6o0tpOk6K4JUsrBgDjHGRXVfET4oa18TJ7CXXrWwt2sVdYhZRuoIcgnO52/ujpiuMoo3A7T4d/FHWvhnNfy6Da2Fw1+qLL9tjdgAhbGNrr/ePXNc/F4i1K28UnxDYXBs9R+0tdJJBxsdmJOM545Iwc5HBzWXRR1UuqDpY9nT9qXx2tqIms9EdwuPPa2k3k+uBJtz+GPaud8VfG/xV4y8Gnw3rkenyW7OjvcpC6zOytuBJ37evoo9sV51RSaUtwWhs+FvFut+C9aTVPDl89pcqNrYAKyL3VlPDD6/XrXpd5+1D48urCS3ig0e0kddouILZ/MX3G6Qrn6ivG6Kpu6swWjuj6j+Ps0tz+z74anuHaSWWe0d3Y5LMYHJJNfNvh7Xb3wx4isda0tlW7sZhLHvBKkjqDgg4IyDz0NPv/E+varp0Wn6nrepXllCQYra4u5JI48DAwpJAwOBisui9puS6u4b04wfRWO4+InxZ8QfEtLGPXYrK3isi7RxWSOiszY+ZgztkjGB9TU3w9+MfiP4babd2Ghwafc291KJmS9id9jYwSu116gDOc9BXA0Ulpe3UHruWtU1K51jV7vUr5t9zeTvPKw6FmJJ/U16B4L+PPjLwRoqaTYtZX9lFxDHfxM/kj0UqynHsScdq81ooWisgeruz2MftP+PP7SN0YNIKGPYLb7PJ5anOd3+s3E8Y5JHtXk2qahLq2sXmo3Kos15O88gjBChnYscZzxk1VopWAKKKKYBRRRQBZvP+WH/XFarVZvP+WH/XFarUAFFFFABRRRQAUUUUAFe1eDP+RAtP+uT/APoTV4rRW1Gr7J3scmKw31iCje1ncVvvH60lFFYnWFSQTy2txHPbuY5Y2DIw6gjvUdFAbnuHhDxPH4k0sM+1LyHCzxj/ANCHsa8w8d/8jrqH+8v/AKCK56iuipXdSCizgoYKNCq6kXo+gV3nwo/5Dl7/ANe3/swrg6Kypz5JKR016Xtqbp3tc9s13wPpviDUvtt7PdJJsCYidQMD6qfWs3/hVeif8/Wof9/E/wDiK8lorodem3dw/E4Y4KvBKMazt6f8E9a/4VXon/P1qH/fxP8A4ij/AIVXon/P1qH/AH8T/wCIryWil7an/IP6piP+fz+7/gndeMvBOm+HdFS8sp7qSRphGRM6kYIPoo9KzvA3hY6/qX2i6X/QLdgZM/8ALRuy/wCPt9a5ais3OHPzcunY6VRqqk4Oeve3/BPUviH4pFhanRdOYLNKuJiv/LNP7v1P8vrXltFFKrUdSV2PDYeOHhyIKKKKyOk9M+HPirzY10TUH+dR/ozsfvD+5+HasTx/4V/se+/tCyTFlcNyoHET+n0Pb8q46it3W5qfJJHFHC8ld1YOye6CiiisDtPa/wDmmP8A3C//AGnXilFFbVavtLabHJhsN7Dm1vd3CiiisTrCiiigAr2u0/5Jmv8A2DT/AOgV4pRW1Kr7O+m5yYnDfWFHW1ncKKKKxOsKKKKAPW/hxo66Z4ffUrkBJLv58t/DGOn58n8q868Taw2ueILm8yfLLbYh6IOB/j+NZNFbTq80FBK1jjpYbkrSrSd2/wAAooorE7AooooA9V+GOtfa9Kl0qdsyWp3Rg90Pb8D/ADFcxqpu/AnjeWXT+IZP3iI33XjY8qfoePwrkaK3dZuCj1XU4Y4RRqynfSW6PYIPEPhfxjYrBqghjl/543LbGU/7L8foc+1RH4YaA7eYlxeBDzhZV2/ntz+teSUVf1hS+ON2ZfUZQ0o1HFdtz2Y6l4X8FWLxWrwq/wDFFC3mSyH354/HAryzX9cuPEGryXtyNufljjByEUdBWZRUVKzmuW1kbYfCRoyc27yfVhV/Qv8AkYdP/wCvmP8A9CFUKKxTs7nZJXTR678Uf+RVj/6+V/k1eRUUVpVqe0lzWObC4f6vT5L3CiiisjqPUfh34nF/af2JqLBpY0IhL8+Yndfw/l9K5Pxt4Ybw9q2+BT9huCWhP9w91P0/lXNUVvKrzQUZLVdTjhhfZ1nUg7J7oKKKKwOw1PDmkNrmvW1koOxmzIR/Cg5Jr0n4iauuk+G10+1wkl0PLVV/hjHX+g/GvIqK2hV5IOKWrOOrhva1Yzk9I9AooorE7AooooAvaLqcmjazbX0WcwuCw/vL0I/KvVvG+mR+IPCIvLTEjwL9ohYfxLjkflz+FeN0VtTq8sXFq6Zx1sN7SpGpF2aCvddCtkvPBFlbSlgk1msbFeoBXHFeFUUUavs23a4YrDfWEkpWsetf8Kr0T/n61D/v4n/xFH/Cq9E/5+tQ/wC/if8AxFeS0Vp7an/IYfVMR/z+f3f8E9bX4beHLM+ZdT3LoOonnVV/MAVN/b3g7wpAy6e1uXx920HmO3sX/wATXj1FH1hR+CKQfUJT/i1G19x0/ibxzf8AiBTbxj7JZZ/1Stkv/vHv9On1rmKKK55SlN3kd9OlClHlgrIK7n4Vf8jDdf8AXsf/AEIVw1FOnLkkpE16Xtabhe1zs/ih/wAjXH/17L/Nq4yiiicueTkOjT9lTUL3sFFFFQamx4S/5G/S/wDr5X+dd/8AFX/kXrT/AK+R/wCgmvKKK2jV5abhbc5KmG9pWjVvsS2ltLe3kNtbrulmcIo9ya9m1W4h8G+B/LtyA8UQhh/2pD3/AJmvFKKKdX2adlqxYjDe3lG70XTuBJZiWOSTkk96KKKxOwKKKKAHwyvbzpNCxWSNgysOxHSvanEPjXwNxt33EWR/sSr/APXH5V4lRW1Kr7O6aumceJw3t+Vp2a6jpI3hleOVSroxVlPYivZPhx/yJdv/ANdJP/QjXjNFFGr7KXNYeKw/1inyXsTXf/H9P/10b+dQ0UVidS0QU6N2ikWSNirqQVYHkH1ptFAz2nwV4qXxDp3lXJVb+AYlX++P74/r71wHxH/5HW4/65x/+giuVoronXc4KLOCjgo0azqxej6BRRRXOd4UUUUAe13f/JM2/wCwaP8A0CvFKKK2q1faW02OTDYb6upa3u7hXtfhT/knlp/17v8AzavFKKKNX2bbsGKw31iKje1ncKKKKxOsKktriW0uo7i2cxyxMGRh1BFR0UA1fRnuXhPxLF4k0oSHal1FhZ4x2PqPY15X42/5HTUv+ug/9BFYNFdFSu6kFFnBh8FGhVlOL0fQKKKK5zvCiiigAooooAKKKKACiiigArR0LRn17VBZpe2NiNjSPcX9wIY0VRkkk8k+ygk+lZ1a3hjwzqfi/wARW2i6HB513cHjJwqKOSzHsAOf8TTSbdkJuyNLUPAd5b6Rb6npOpadrtpPdrZb9NaQtHM2dqMkiIw3YODjBx1q5dfDHUIJL60tta0a+1XT4jLc6VazyNcIFGXAygR2UA7lVyRg10Piix13wXpNrpnhzw5rMOl6Tex391rN5pssa3d0h2q/zLhIgThVPXOTya67w0qaN41vPGfiDwDdeHAiSz3moX9+TbK7o277PEUBd5C2AN7gbuKm6s2vP8vyvfztYrVWuv6v/lb53PIPDGiWd5oniHWNVR3tdMswsKq23dcytsiHuB8zEei1qD4VaqbuPTX1bRo9dlg85NFe4cXJ43BM7PLDkEEIXz7VNf3CeF/BPhbTZE/eX90NdvY8f8s87IF/75V25/v11N14O1i7+Nq+LIMP4bl1JdXGt7/9GS3DiQ5k6BgPl2HnI6VVlddtvS3/AAW/kvmT0f3+t/8AgJf+BHnGleExf6Y19f8AiDRtHjExgWO+mkMrMMZ/dxI7gDI5YAVV8S+HL3wtrB0/UGglYxJNFPbSb4p4nGVdG7qRXbaB4Ik8ea9r3i1rDUJvDsN/LIYdPt2luLpmcssMaqDg4YZY8KDXOfEB9fuvEIvPEeg3WhLJEsVlZz20kSxQRgKiJvAJAGMn1JPeou7K+jf+X5/p8iurX9b/ANfP5jbHwRLPoFnrGqa3pOi2t9IyWn295S8+07WYLFG5Cg8bmwMisq60G7i8Qvo9g0Wr3IcJG2mMbhZzjPybRluPbPWu+8MQ+LbvwdptrJ4KtfGOgGRxbqsZkmtNzneokhYPDk8/PxzmtWy0ey0Txb4t0HwXdCDWbzSY1sImuFaSCYsjz2qTDALhdygjk4xnOat6P7/y/r+rEp6f13sedWngzV/+Es0nQ9csb3RZdTuY4Ea8tHRgHcLuCtt3YzSa74J1/QWu5rrR9SGmwTtEuoSWUkcMgDFQwYjbz25PWup0DR/Fuh+LPBFt4nW7tLNtaia0sLyXa8Z81NzeSTuUHjkgA81oaHql/qHxL8ex315PcJcabqiypJIWDhFcoCP9nAx6dqmWiVv734KL/Upb2fVxX3ux51pPhrXdejkfQ9F1HUkhOJGs7R5gh9yoOKqQ6fe3GojT7e0nlvWk8sWyRM0hfpt2gZz7V6TNpWv+Jvh54Tj8Bw3N3b2KyJe21ix8yC8MrHzZADkAoU2ueAARkV0M96t34+1+y0u+t28Wz+HIbNb2KVQJ79RH9oVJOB5jKGUMMZIPPNU9G/n+Cbv6P9UStbfL8Xb8P0Z47q2gaxoMsceu6TfabJKCUS8tnhLgdSAwGat+MfDh8JeKrrRTdfa/s6xN53l7N2+JZOmTjG7HXtXYahYav4d+Dd/pvjWOa1uLrUoZNIsbzImjKh/PlCH5lQgqM9CfzrM+Mn/JVtU/65Wv/pNFU9Wv62T/AOAPsc5d+Hruz8MadrsskJtdRmmhiRWO9TFt3bhjGPnGME9+lQaVoera7cNBoml3mpTIu5o7O3eVlHqQoPFd3P4c1vxB8F/Cw0HRtQ1Mw39/5v2K1eby8+VjO0HGcHr6UvhDwTqQ0fxFBqun+JTeQC33+HtPc2txcoxb966OjFkXHZGOW7DmqtqxRd4p+v5tfkcFPouqW2rrpVzpt5DqLOsa2ckDLMWb7qhCM5ORgY5qxeeFfEOnaYupahoOp2ti2MXU9nIkRz0+cjHP1r1zxBaPZ/Ff4WRXFvcW86RWaSR3VytxMm27cBXkVVDEDjoMdO1YXh7U77UfFnxFW+vJ7hZtG1J5FkkLBihyhI6fL29O1KWkfP3v/Jbfncq1rX/u/wDk3+R59pXhnXtdikl0TRNR1KOI4keztJJgh9yoOKzXRo5GSRSjqSGVhgg+hr2WwtBrnw28KDw/o2vauNO8wXMWh6olu1rdmVj5kkfkSNkqVxJkAAY4xzwHxG1F9U8f6ldXGnjTrgsiTwC7S5PmKgVmMiAKzEgk4HUmiWkrf1/X/AFHVX/r09f+CZmm+F9f1mzku9I0PUr+2iJEk1raSSohAyQWUEDir3iTwfdaJ4tXQLAzapcvDBJGsNud7mSJZNoQEkkbse+M13Gp6R4n8R6D4LufAK3M+nWNhHEfsMm0WV6rMZnkwR5ZJO7e2AQRzXWalcQt8bPFltJI0+r32hwQ2L2l2ls88hihLrFKyuFZ0DYO05GQCM5qratev4X/AD/q4R1+5fi0vwv/AMMeEaroWr6FcJBrel3umzSLuSO8t3iZh6gMASKtzeDPFFtYzXtx4b1eK1gz5s8ljKsceOu5iuBj3rsfGH2vSPh/Y6JfeF9Y0mFtRM9o+tapHNLHhSrqkQhjZUbKknG0kDHWuxGsaif2uvLN7OY1lNuIy52+V9nzs29NuecevPWpurpd7/hb/P8AUHorni+o+GNe0ezivNX0TUrC2mIEc91aSRI5IyAGYAHjmn2nhLxHf6YdSsfD+qXNiASbqGykeIAdTvAxx9a6rwzqt/q/gr4hNqd3NdGaygupPNctul+0xjfz3wSM+ldz4I8L3EOseBdRtYfEmtKYoZzqcWqJFY2IL/PBho34Xoyb1LHIA5qlG9l3t+v+XkJvRtdL/hb/ADPK9B+HviXxL4dv9a0XS7m6trJkTbFbyO85ZsERhVIYr1bngEVm6X4X1/XFlbRdD1LURC22Q2lpJLsPodoODXoOj6TcappPxO0PQrRrm9ku7dreyt1y7JHdPu2qOSFBGcdKZ4Z8HXU/gdJFtPEms3SatJDLpWkX626WEiBf3soMcmGJHDYAAXlqzpy54qXdJ/kVL3Xy+f8AmzzaPTb6bUxp0VlcPfGQxC1WJjLvHG3ZjOfbFXdR8K+IdHieTV9B1OwjjCl3urOSIKGOFJLAYyQQPWvZtZ8wfF7xlZaVOtv4g1DQ4I9Oladd0kpjhMirJwPMdAwDDGTnGM1zq6L4o0L4C+JrbxPHc2cD3to9rZXmVlQ+Y299h5VWOOcckEiiT5Yp+n4u3/BC39fJP9bHndl4V8Q6lprajp2g6nd2S53XMFnI8Yx1ywGOKqaZpOpa1efZNG0+61C52lvJtYWlfA6naoJxXreqaT4s1zxX4a1nwK0x0OCztlsbu3fbb6dsRRMspziMhwxbdjd70ly6eI7H4g2Pw6+a8u9XS4+z2pxJeWQ3hhEByy7yGKjsRx2qpaP7/wAGl+t/kyY6pedvxTf6W9X0PP8AVPBN/o3hGHV9UjubO7k1F7FtPuLVo5E2xo4c7ued+MY7daoaj4T8RaRYre6toGqWNoxAWe5s5I4yT0+ZgBXqOu6Vrdv8LfBOleKtRbT7oa80Qkmk/eafEypt385UqDuAOCAR0rYk8MzaVpPxD+0aT4jjt20yUG/1vUklS/dHQpIkYiUseMhw7ADjvUzly8z7fpFN/ff/ACuVHXl8/wDNo8AoooqhBRRRQBZvP+WH/XFarVZvP+WH/XFarUAFFFFABRRRQAUUUUAFFFFABRRRQAUUUUAFFFFABRRRQAUUUUAFFFFABRRRQAUUUUAFFFFABRRRQAUUUUAFFFFABRRRQAUUUUAFFFFABRRRQAUUUUAFFFFABRRRQAUUUUAFFFFABRRRQAUUUUAFFFFABRRRQAUUUUAFFFFABRRRQAUUUUAFFFFABRRRQAUUUUAFFFFABRRRQAUUUUAFFFFABRRRQAUUUUAFFFFABRRRQAUUUUAFFFFABRRRQAUUUUAFFFFABRRRQAUUUUAFFFFABRRRQAUUUUAFFFFABRRRQAUUUUAFFFFABRRRQAUUUUAFFFFABRRRQAUUUUAFFFFABRRRQAUUUUAW9T1W91i7W51KczyrEkKkgAKiKFVQBgAAACqlFFABRRRQAUUUUAFFFFABRXU+GPD2k3Hh7VPEXiaW7GnWEkdvHb2TKs1zPIGKqGYMEUBCSSp9hV/S/DXhbxJritpF3qlnpVnp0t/qqXYjkmhWM8rE6hRIWyoGVXGe/Sh6b/1pf8g3/r5HD0V2lxoHhvWvCGq6z4U/tS0n0d42ubXUZ45hLDI+xXR0RMEHGVIPXgnFdLrvhu38R+JdCXULl7TTtP8AB9pf3ssShpPKji5CA8FiSAM8c57Unorvv+jd/wAA3/rzSt+J5NRXaXGgeG9a8IarrPhT+1LSfR3ja5tdRnjmEsMj7FdHREwQcZUg9eCcVtv4P8DafqfhjSdRk16W812ytZ5J4JoVjtWnUAfKYyZBu5xlcDHJNVZ/p9+v6Bpv/X9anmFFelS+CvCU+r694a0y51dtY0e0uJRfSvH9muJbcEyp5QXcinaQG3t7ijTX8PR/Am2bxIL+YjX7j7Na2MqRPK3kQ5LO6uFUD0Uklh0o3i35J/e7DSbdvX8Fc81or0dfhzpOo6tpF7pOpXUXhrUbG41CSW5RWuLZLfPnIduFZgQMEYB3Djis8+H/AAv4g8N6ze+E/wC1rS90dBcyW2ozxTC4t94QurIibGUspKnd14NLZCWr0OIorr/hvpdhf67f3ur2q3tro+mXGpG0ckLcNGBtRsfw7mBPqBitSxvbfx14T8Sx6hpGlWd/pVr/AGlZ3WnWMdrtQSKjxMIwA6kOMEgkEdTQ9Puv8v6TBav52PPKK93tvD1w3iTRbLQvCOkX/gie2g87VJrKJzIjKvnSSXRG+OVWLgKGXGAAprx7xVpCeH/GGr6RE5kjsb2W3Rz1ZVcgE++BRLR29fwBaxv6fiZNFFFABRRRQBo6Hq/9ial9rOn2GoqUZGt7+DzY2B9sgg+hBBHrWlqnjKW+8P8A9iafpGm6Lp7zCeeKwWXNw4zt3vLI7ELk4GcDPSucooeoLQKKKKACiiigAooooAKKKKALN5/yw/64rVarN5/yw/64rVagAooooAKKKKACiiigAooooAKKKKACiiigAooooAKKKKACiiigAooooAKKKKACiiigAooooAKKKKACiiigAooooAKKKKACiiigAooooAKKKKACiiigAooooAKKKKACiiigAooooAKKKKACiiigAooooAKKKKACiiigAooooAKKKKACiiigAooooAKKKKACiiigAooooAKKKKACiiigAooooAKKKKACiiigAooooAKKKKACiiigAooooAKKKKACiiigAooooAKKKKACiiigAooooAKKKKACiiigAooooAKKKKACiiigAooooAKKKKACiiigAooooAKKKKACiiigAooooAKKKKACiiigAooooAKKKKACiiigAooooA6Pw14ph0jTNR0jV9N/tXSNR2NLbrOYZI5Uzskjk2ttYbiOVIIOCKu2XjbTtF1y3uPD/hyO2sPsb2V7aXN20738Un3/ADJAFAPTBRVxgda4+ijcDrb/AMXaXF4YvdE8K6FLpcOpSo97PdX32qWRUbckakIgVQeehJwMnirK/EmVNf06/XTI3t7fRo9Gu7OWUst5AqbHyQAV3cEYzggcmuJoo33/AK0a/JsP6/U62/8AF2lxeGL3RPCuhS6XDqUqPez3V99qlkVG3JGpCIFUHnoScDJ4qLUfGn2/xH4e1X7B5f8AYtrZ2/lednzvIxznb8u7HTBx71y9FH+d/mlb8mD1Vjq7Pxt9k8ba54h/s/f/AGsl6n2fzseV9pDjO7b823f6DOO1SaR4x0qDwL/wi+u+H31G2F9JercQXv2eaN2REG0lHGMIc5BzuHTHPIUULRW8rfjf8x3f6/erfkdy/wATJYPEGmXGk6Rb2mj6ZavZw6U8hlWSGTPnCR+CzPuOWwO3HFVbrxjpNr4e1LSvCnh+TSjqpVbu4ub/AO1SeUrbhEn7tNq7gM53E4GTXIUUb/18/wCvn3EtNjZ8KeJZ/CuurqEMEV1E0bwXNrNnZcQuNrxtj1B69jg1rXnjHSrfw3qOj+FNAl0pdUdftk9zf/apGjVtyxIRGgVd2CepOBk1yFFD1BaHXaJ4n8M6FJaX8PhSe61a0RWjkudU3WxmXkSmERBjzzt8zFczf31xqepXN/fSGW5upWmmkI+87HJP5mq9FD1YbKwUUUUAFFFFABRRRQAUUUUAFFFFABRRRQAUUUUAWbz/AJYf9cVqtVm8/wCWH/XFarUAFFFFABRRRQAUUUUAFFFFABRRRQAUUUUAFFFFABRRRQAUUUUAFFFFABRRRQAUUUUAFFFFABRRRQAUUUUAFFFFABRRRQAUUUUAFFFFABRRRQAUUUUAFFFFABRRRQAUUUUAFFFFABRRRQAUUUUAFFFFABRRRQAUUUUAFFFFABRRRQAUUUUAFFFFABRRRQAUUUUAFFFFABRRRQAUUUUAFFFFABRRRQAUUUUAFFFFABRRRQAUUUUAFFFFABRRRQAUUUUAFFFFABRRRQAUUUUAFFFFABRRRQAUUUUAFFFFABRRRQAUUUUAFFFFABRRRQAUUUUAFFFFABRRRQAUUUUAFFFFABRRRQAUUUUAFFFFABRRRQAUUUUAFFFFABRRRQAUUUUAFFFFABRRRQAUUUUAFFFFABRRRQAUUUUAFFFFABRRRQAUUUUAFFFFABRRRQAUUUUAWbz/AJYf9cVqtVm8/wCWH/XFarUAFFFFABRRRQAUUUUAFFFFABRRRQAUUUUAFFFFABRRRQAUUUUAFFFFABRRRQAUUUUAFFFFABRRRQAUUUUAFFFFABRRRQAUUUUAFFFFABRRRQAUV2HhjwF/wkekfbv7S+zfvGTZ5G/pjnO4etQ+K/BX/CMWMFx9v+1ebJs2+TsxxnOdxrX2M+XntocyxVF1PZX975nK0UUVkdIUUUUAFFFFABRRRQAUUUUAFFFFABRRRQAUUUUAFFFFABRRRQAUUUUAFFFFABRRRQAUUUUAFFFFABRRRQAUUUUAFFFFABRRRQAUUUAFmCqCSTgAd6ACiu70z4W3t3ZrNf3qWbsMiIReYR9eRg/nXP8AiPwrf+Gp0F1tlgkP7ueP7p9j6H2rWVGcY8zWhzQxVGpPkjLUxKKKKyOkKKKKACiiigAooooAKKKKACiiigAooooAKKKKACiiigAooooAKKKKACiiigAooooAKKKKACiiigAooooAKKKKACiiigAooooAKKKKACiiigAooooAKKKKACu48BfCLxV8QWEuk2gt9Pzhr+6JSLryF4y5+g+pFbvwH+G+m+PfFEs2u3MJstPw7WPmgS3J7fL12Dufwr7KtraCztY7e0hSGCJQkccahVRR0AA6CgDw/wAP/sr+GLJEfxDql9qkw+8kWIIj+Ay3/jwrql/Z7+GKrg+Gyx9Tf3P9JK9KJABJOAOpNYc/jbwra3n2S68TaPDc5x5Ml/Er/wDfJbNAHD3/AOzh8OLy3aO30u6sGI4lt72Qsv8A38LD9K8s8bfsu6pplvJeeDNQ/tWNBn7FcgJNj/ZYfKx9sL+NfUkM8VzCstvKksbDKujBgfoRT6APzhubaeyupLa8hkgniYrJFKpVkI6gg8g1FX1Z+0j8NrbVPDb+L9LgVNRsAPtexcefD0yfdeufTPtXynQA+GGW4nSG3jeWWRgqRopZmJ6AAdTXtXgr9mXxHrsEd54nuk0G2cBhAU8y4Ye65AT8ST6ivUfgJ8LtG8PeG7XxJNJa6lq97HvW4idZUtlP8CEcbvU/hXstAHkelfs0fD6wh23ttfao/d7m7ZP0j21pn9nz4Y4/5FrHv9vuf/jlehXl/aafAZr+6gtYh1knkCKPxNZ2neL/AA1rE3k6T4h0q+l/uWt7HI35KxoA8v139l/wVqEbHR59Q0ibHy7JfOjz6lXyx/BhXg/xE+C3ib4ehrq4RdR0rOBf2ynCf769U/Ue9fcFR3FvDeW0lvdRJNDKpSSORcqynqCO9AH5wUV6H8avh+nw/wDHklvYqRpd8v2izz/AM4ZP+An9CK88oAKKKKACiiigAooooAK9c+C/wV/4WMtzqeuzXVnosOY43tiqyTyd9pYEYHc46nHrXI/DTwBe/ETxfDpVrujtU/eXlyBkQx55/E9AP8DX3Ro2j2WgaNa6VpUCwWlrGI4o17AfzPvQB4//AMMqeCP+gr4g/wDAiD/4zXnPxh+FPgH4aeH42tNR1q61m7OLW2muIioA+87gRA7R9Rk19N+KvE+neD/DV3resS+XbWyZx3dv4VHqSeK+EvGni7UfHHiq71zVm/eznEcYOVhjH3UHsP55PegDBooooA+sLP8AZa8E3FjBM+qa+GkjVyBcQ4yRn/nlU3/DKngj/oK+IP8AwIg/+M17Jpn/ACCbT/rgn/oIqzQB4l/wyp4I/wCgr4g/8CIP/jNcX8WPgL4X8CfDu817SL/V5rqCSJFS6miZCGcKchY1PQ+tfUNeW/tG/wDJEtU/672//o1aAPi6iiigAooooAKKKKALN5/yw/64rVarN5/yw/64rVagAooooAKKKKACiiigAooooAKKKKACiiigAooooAKKKKACiiigAooooAKKKKACiiigAooooAKKKKACiitjw34bu/EmoeRb/JCmDNMRwg/qfQU4xcnZETnGEXKTskZ1lY3Wo3S29jA88zdEQZ//AFD3rvNH+FckirJrl35Wf+WNvgsPqx4/IH613ei6DYaBZi30+ELn78h5eQ+pNaVelTwsVrPU+exGaTk7UtF+JhWPgvw/YD93pkMrY5aceZn/AL6yB+FbENrb2yhbeCOJR0CIFH6VLRXWoxjsjy5VJz+JtiEAjBGRVO50bTLzP2rT7WYnu8Kk/nirtFNpPclScdmclqPw30K9Um2SSyk7GJyVz7qc/pivP/EngrUPDqefIyXFpu2iZOMHtlT0/Wvba8q+J2u/atSj0mBsxWvzS4PVyOn4D+dceIp04w5ranr5fiMROqoXuutzhKKKK8w+jPYPhj/yKB/6+X/kKp/Ff/kCWP8A18H/ANBNXPhj/wAigf8Ar5f+Qqn8V/8AkCWP/Xwf/QTXqS/3b5HzUf8AkY/NnldFFFeWfShRRRQAUUUUAFFFFABXpHgXwpous+HPtWpWfnTecy7vNdeAB2BArzevYPhj/wAigf8Ar5f+QrpwsVKpZo87MpyhQvF2dy5/wr7wx/0DP/JiX/4qj/hX3hj/AKBn/kxL/wDFV0lFen7Kn/KvuPnPrNf+d/ezm/8AhX3hj/oGf+TEv/xVH/CvvDH/AEDP/JiX/wCKrpKKPZU/5V9wfWa/87+9nN/8K+8Mf9Az/wAmJf8A4qj/AIV94Y/6Bn/kxL/8VXSUUeyp/wAq+4PrNf8Anf3s5v8A4V94Y/6Bn/kxL/8AFUf8K+8Mf9Az/wAmJf8A4qukoo9lT/lX3B9Zr/zv72fPGoxJBql1DENscczqoznADECq1XNX/wCQ3ff9fEn/AKEap14j3PsofCgooopFBRRRQAUUUUAFFFFABRRRQAUUUUAFFFFABRRRQAUUUUAFX9CuIbXxBYz3QHkxzoz57DPWqFFNOzuTKPMmmfR6sroGQhlYZBByCK434nXVvH4XW3kKmaaZTEvfjqfy4/GvOtO8W65pVsLex1GRIR0RlVwv03A4/Cs++1C71O5Nxf3ElxKeNztnA9B6D2ruqYpShypas8Whlk6dZTlLRFeiiiuA9wKKKKACiiigAooooAKKKKACiiigAooooAKKKKACiiigAooooAKKKKACiiigAooooAKKKKACiiigAooooAKKKKACiiigAooooAKKKKACiiigAooooAKKKKALFhqF3pd9Fe6bcy2t1C26OaFyrIfYivoX4fftPtBaix+INu87Rp+71C1QbnwOkiep/vL69O9fOVFAHe/EX4u+IviDqMonupbPSckQ6dDIQgXsXx99vc/hiuCoooA9B+DnjzVPB3jzToba4kOnX9ykF1aljscOQu7HQMMg59sV9xV8R/A3wTdeLviTYTCFjp+lyrd3UvIA2nKLn1LAcegNfblAGT4rtIr7wdrFrchWimspkcN0wUNfnlX3h8XPEUfhj4Wa3fO4SV7dreDPeST5V/nn8K+D6AOp8EfEbxH4A1D7R4fvSsLNmazly0M3+8vr7jB969w1j9qe1m8D79F0yS38RSHy2jmG+GHjmQN/EPQHHPXjr8zUUAaGta/q3iPUXvtd1C4v7lzzJPIWI9h2A9hxWf06UUUAfV37M3jzU/Eej6joWs3El2+mBHt55WLP5bZG0k8nBHHsa91rxH9mXwTdeH/CN5rupQtDPrDIYUbIPkrnaxHbJYn6Yr26gD57/aytIm8P+HrwhfOS6kiB77SoJ/VRXzBX0H+1Z4ijudc0bw/A4ZrSJrmcDsz8KPyB/MV8+UAfRfwY+DGkXfh628S+K7Vb6S7HmWtpL/q0j7Mw/iJ64PGMcV6pffDHwRqFm9tN4V0qNHGC1vaJC4+joAR+dL8M9RttT+GWg3FmV2CyjjKqchGUbWX8CCK6mgD4u+K/w+b4e+LPskEjzafdJ5tpI/3tucFT7g9/cVw9e8ftQ6hby61oNhGyNcQQyySAH5kVyoX89p/KvB6ACrelaXea3q1tpumQNcXd1IIoo1HLMf8APWqlfWX7PPwo/wCEa0lfFWuwEarfR/6NE45toT3/AN5uPoOPWgDvvhf8PLP4c+EItNh2y3suJb24x/rZMdv9kdAP8a7F3WONnkYKiglmY4AHrTq+ff2jfit/Z1o/gvQLgfa7hf8AiYyoeYoz0i9i3f0H1oA8z+OnxSbx74m/s/S5s6FpzlYMdJ5Ohl+nYe3PevKq19L8I+JNctTdaL4f1TUbcMUMtpZSSoG9MqCM1d/4Vx43/wChN8Qf+Cuf/wCJoA5uirWo6Zf6RevZ6tZXNjdIAWguYmjdc8jKsARVWgAr1T9nH/ktFh/17zf+gV5XXqn7OP8AyWiw/wCveb/0CgD7Pry39o3/AJIlqn/Xe3/9GrXqVeW/tG/8kS1T/rvb/wDo1aAPi6iiigAooooAKKKKALN5/wAsP+uK1Wqzef8ALD/ritVqACiiigAooooAKKKKACiiigAooooAKKKKACiiigAooooAKKKKACiiigAooooAKKKKACiiigAooooAsWFjNqWoQ2dqu6WZwqj+v0r3fQ9Gt9C0mKytRwoy745du5NcP8LNGBa41eZc7f3MOfzY/wAh+dek16eFp2jzvdnzeZ4hzqeyWy/MKKK43x54ubQ7dbHT2Avp1yX/AOeS+v1Pauqc1CPMzzaNKVaahHc1dd8YaRoDGO7mMlxj/UQjcw+vYfia427+LF0x/wBA0yGMes0hfP4DFefu7SSM8jF3Y5ZmOST60leZPFVJPTQ+jpZbQgveV2dsPirrWfmtLAj2jf8A+LrUsfiwhZV1LTGUd3gkz/46cfzrzWioWIqrqbSwGGkrcp7bP410k+H7nUrK6SVoU4iPyvuPABU89e9eLTzyXNxJPOxeSRi7se5PJqOilVrSq2uPDYSGGvy9QooorE7D2D4Y/wDIoH/r5f8AkKp/Ff8A5Alj/wBfB/8AQTVz4Y/8igf+vl/5CqfxX/5Alj/18H/0E16kv92+R81H/kY/NnldFW9N0q91e6Fvp1u88nfaOFHqT0A+td5pfwpJVX1i/Kk9YrYdP+BH/CuCFKc/hR7lbFUqPxs84or2eD4c+HIkAktZJz/eknYE/wDfJFOk+Hnhp1IWwaM/3lnkz+pNb/U6nkcX9q0L7P8Ar5ni1Fenal8KbZkLaTfyRvjhLgBlJ+owR+RrgdY0LUNCufJ1K3aPP3HHKP8AQ/5NYTozp/Ejso4ujW0g9TPooorI6grvPB3jjTfD2hfYr2C6eTzWfMSKRg49WHpXB0VcKkqbvExrUYV48k9j1r/hamif8+uof9+0/wDi6P8Ahamif8+uof8AftP/AIuvJaK3+tVDi/szD9n9561/wtTRP+fXUP8Av2n/AMXR/wALU0T/AJ9dQ/79p/8AF15LWx4a8OXPiPU1t4cpCnM02OEX/E9hTjiasnZEzy/Cwi5S2Xmeu+H/ABTa+JPNNjaXcccXDSzIoUn0GGPNbdVtP0+30uwis7KMRwxLhR6+596s16ceZL3tz5yo4OT5FZBXO+L/ABVD4b0/CFXvZgfJj9P9o+w/WrniLX7Xw7pbXVyQ0h4iizzI3p9PU14hqep3Wr6hJeX0nmSyHn0A7AegFc+Ir+zXKtz0MBg/by55/CvxK0srzzPLKdzyMWY+pPJptFFeSfUBRRXrGn/DjQrnTbWeT7TvlhR2xLxkgH0rWnSlU+E5sRiaeHSc+p5PRW54w0m20TxHLZWW/wAlEQje2TyM0mg+EtV8QHdaQiO3zzcS/Kn4ev4VPJLm5VuX7aHs1UbsmYlFeq2Pwr02JQdQvLi4fuI8Rr/U/rWsvw98MhcHTi3uZ5P/AIquhYSozhlmmHi9Lv8ArzPFKK9iuvhp4fnH7mO4tT6xTE/+hZrk9b+Geo2EbTaXKL+JeTHt2yD8Oh/Dn2qJYapFXtc0pZhh6jte3qcTRSsrIxV1KspwQRgg0lc56AUVt6F4R1bX8PaQiO3zzPMdqfh3P4V3Nj8KtOiQHUb24uH7iICNfp3P6itoUKk9UjkrYyhRdpPU8ror2pfh74ZVcHTix9TPJ/Rqhufht4dnXEUM9sfWKYn/ANCzWv1Sp5HKs1oX2f8AXzPG6K7zWfhdeWyNLo9yLtRz5Mg2P+B6H9K4aaGS3maKeNo5EOGRxgqfQisJ05QfvI7qNenWV6buMooorM3CiiigAor07Sfhro99o9ndzXN8sk8KSMFkTAJGePlrkvGnh+18OaxFaWMk0kbwiQmZgTnJHYD0raVGcI8zOOljKVWp7OO5z1FFFYnYFFTWcSz30ET52ySKpx6E4r1r/hWWgf8AT1/39H+FbU6MqnwnJiMXTw7Sn1PH6Kva1aR2GuXtpBu8qGZkTccnANaeg+CdW15VmjjFtan/AJbzZAb/AHR1P8veoUJOXKkbSrQjDnk7I56ivV7L4WaVCoN9d3Ny467cRqfw5P61qD4e+GQOdOJ9zPJ/8VXQsJUZwSzTDp6XZ4pRXsdz8NfD04/dR3FsfWKYn/0LNcprPwwv7ONptKnW+QcmIjbJ+HY/p9KmWGqR1tc0p5jh6jte3qcPRTpI3hkaOVGR1OGVhgg+hFNrmPQCiiigAooooAKKKKACiiigAooooAKKKKACiiigAooooAKKKKACiiigAooooAKKKKACiiigAooooAKKKKACiiigAooooAKKKKACus+H3w71n4i68thpEeyBCDdXjj93AvqfU+i9/pzVz4Y/C7V/iTrfk2ga202Bh9rvmX5Yx/dX+85Hb8TX2l4V8KaR4M0CHSNBtVgt4hknq0jd2Y9yaAK/gnwVpHgLw3Fo+hxbY1+aWZ+Xnfu7H1/QDgVvySJDE0krqiICzMxwFA7k024uIbS2kuLqVIYYlLySSNhVUdSSegr5N+NXxzm8WvN4e8KSvDoanbPcD5WvPb2T279+OKAMz48fFVfHmvJpejSZ0TTXPluOlzL0Mn0AyB9Se9eS0UUAFFFFABXvPwT+BEmvSQeJfGdu0elqRJa2TjDXXozjsnt/F9Oun8E/gIZvs/ifxza4j4ks9NlXlu4eQenov5+lfSwAVQFAAAwAO1AAqqiBEUKqjAAGABXM+P8Ax3pnw+8Lzavqjhn+5bW4OGnkxwo/qewpvj74g6N8PPD7ajrMu6VsrbWqH95O/oB6ep6Cvinx1471j4geIn1XW5umVt7dD+7t0/uqP5nqaAM3xFr194o8RXutarJ5l1eSmRyOg9FHsBgD6Vm0UUAdz8Pfivrnw8keKyEd5p0rbpLOckDPqrD7p/Me1ehX/wC1Jey2TppvheC2uSMLLNemVVPrtCLn868EooAva1rWoeIdYuNT1e5a5u7ht0kjfyA7AdhVGiug8B+GR4y8daVoDT/Z0vZtrygZKqAWOPfCnFAHpX7Pvwp/4SvWl8S65CTo+nyfuY2HFzMO3+6vBPqePWvrkDAwKpaNo9loGjWulaVAsFpaxiOKNewH8z71doA4P4t/Ei2+HPhF7oFZNUugYrGA/wAT45c/7K9T+A718P319c6lfz3t/O9xc3DmSWVzlnYnJJr7R8b/AAN0H4geIG1fX9Z1zzdgSOGGeJYoVHZQYiRzyeTXO/8ADKngj/oK+IP/AAIg/wDjNAEv7Lv/ACSu4/7CEn/oK17RXMeAvAWl/DvQH0jRZ7ue3eZpi126s+4gDqqqMceldPQB8VftD/8AJadV/wCucP8A6LFeY19p+M/gF4X8ceKLjXdWv9XhurhVDJbTRKg2jAwGjJ7eteQ/GX4I+G/h34Li1fRb3VJ7h7pISt3LGybSCeixqc8etAHhVeqfs4/8losP+veb/wBAryuvVP2cf+S0WH/XvN/6BQB9n15b+0b/AMkS1T/rvb/+jVr1KvLf2jf+SJap/wBd7f8A9GrQB8XUUUUAFFFFABRRRQBZvP8Alh/1xWq1Wbz/AJYf9cVqtQAUUUUAFFFFABRRRQAUUUUAFFFFABRRRQAUUUUAFFFFABRRRQAUUUUAFFFFABRRRQAUUUUAFFFTWUP2i/t4f+ekqp+ZxQJuyue5+FbAab4XsLfGG8oO/wDvNyf51r0iqFUKvQDApa9+Kskj4ecnOTk+o13WONnc4VQST6Cvn/WtSfV9aur6Q5M0hKj0XsPyxXtviaZoPC+ovHkt9nZVx6kY/rXAeHvhncXkaXOuSNaxMMiBP9YR7k8L+p+lceJjObUInrZdUpUYSq1H5HB0V7vY+EtC05QLfTIGI/jlXzG/Ns4/CtdI0jXbGiqPRRis1g31Z0SzeCfuwv8AP/hz5xor6Lntbe6QpcwRzKeokQMP1rA1PwFoGpKSLQWkh6PbHZj/AID939KUsHJbMqGbU2/fjb8TxOiun8SeBdR0BWuEP2uzHWZFwU/3l7fXpXMVxyjKDtI9WnVhVjzQd0FFFFSaHsHwx/5FA/8AXy/8hVjxtoVx4hi06zt/lX7QWlkI4Rdpyar/AAx/5FA/9fL/AMhXXkgAk8AdTXsU4qdFRZ8lXqSpYuU47psz9N0zT/Dul+TaqkEEY3SSOQN3qzGuZ1b4n6ZZyGPTYJL9wcF87E/AkEn8q5Lxv4ul1y+e0tJCunwtgAH/AFpH8R9vSuTrlqYm3u09j0sPlymvaV9W+n+Z3MvxV1cufJsrJF7B1dj+e4VLa/Fe/V/9N062lX0hZkP67q4GisPrFXud/wBRwzVuQ9x0DxlpXiAiK3kaG5x/qJuGP0PQ/wA61dR0211axe0v4llhccg9QfUHsa+e4pXhlWWF2SRCGVlOCD617b4L8QnxDoYknI+1QHy5sdz2b8R+ua7aFf2vuy3PGxuC+r2q0np+R5N4l0Gbw7rD2kpLxn5oZMffX/HtWTXsHxJ0pb7w0btV/e2bBwf9k8EfyP4V4/XFXp+znZbHs4Ku69FSe+zCiiisDsCiiigC/o2j3WualHZWSZduWY9EXuxr3DQ9FtdB0xLOzXgcu56yN3Jqh4O0K10XQYGgG6a5jWWWUjliRnH0Ga6CvWw9FU1d7ny2Oxjry5I/CvxCqeqanbaPpst7evsijH4sewHuauVy/izwfL4mkiYam9usQ+WEx7kz69RzW83JR91XZxUYwlNKo7I8r8Qa9deIdUa7ujtUfLFEDxGvp/iay66TWPAmt6OjStALqBeTJbktge46j8sVzdeLNSUvf3PsKMqTglSeiCiiioNgr6E0f/kB2P8A17R/+givnuvoTR/+QHY/9e0f/oIrvwe7PEzf4YfM5S98IDXvHtzeX6n7BCsY29PNbaOPp611F/qWnaBp6yXksdrAg2ooHXHZVHX8KfqupwaPpc99dHEcK5x3Y9gPqa8L1rWrvXdRe7vnyTwiD7sa+gFa1JxoXtuzkw9Gpjbc7tGOh3OofFdQzLpWnFh2kuHx/wCOj/Gsz/hautZ/49LDH/XN/wD4uuJorieIqt7nsxwGGircp6bpnxWhkkVNWsGhB6ywNuA/4Cecfia7yzvbbULRLmymWaGQZV0PH+favnaum8EeJJND1qOKVz9iuWCSqTwpPAb8P5VvRxUr2mcWKy2HK5UdGuh2Xj/wjHqFnJqunxhbuFd0qqP9ao7/AFFc94F8Frq+NT1RD9jVsRxHjzSO5/2f516wcEc8g1Xke20vTmchYLa3jJIAwFUCuqVCDnzs82njqsaPsVv0Yl1d2ek2JmupY7W2iGATwB6AD+grh9S+KtvHIyaVYNOBwJZm2A/8BGSR+IrivE3iS58R6k00pZLdCRDDnhB/ie5rGrkqYqTdobHp4fLIKPNW1fY7c/FXWt3FpYAehR//AIutHTvivl1XVdOwveS3fp/wE/415vRWKxFVPc7JYDDSVuU+hNM1Wz1izW606dZojxkdVPoR2NYPjXwlFr1i1zaoF1CFcowH+tA/hP8ASvMvC/iCbw9rEdwjEwOQs8eeGX/EdRXusciyxLJGwZHAZSO4Nd9Oca8GpHh16M8DVUoPTp/kz5yZSrFWBBBwQe1JXT/EHS103xXK0S7YrpRMoHYn736g/nXMV5c4uMnFn0tKoqkFNdQoooqTQ9+8Of8AIsab/wBesf8A6CK83+Kf/Izwf9eq/wDoTV6R4c/5FjTf+vWP/wBBFeb/ABT/AORng/69V/8AQmr1MR/BXyPmsB/vj+ZxNFFFeWfSlnTv+Qpa/wDXZP8A0IV9D188ad/yFLX/AK7J/wChCvoevRwezPn83+KHzOD0nwXHfeKNR1bVo90H2p/IhYcSYY/Mfb2711Wr67pugWwk1G4WIEfJGoyzfRR/+qovEuvQ+HdHkvJQHkPywx5++x6fh3rw/UNRutUvpLu+laWaQ5JPb2HoPaqqVI0Fyx3ZFChUxr56jtFaHfX3xYO5l0zTRt/he4fr/wABH+NZ3/C1daz/AMelhj/rm/8A8XXE0VxvEVX1PWjgMNFW5T0vTvitE7qmq6eYx3lgfdj/AICf8a7vT9RtNUs1utPnSeFujKeh9COx9jXzzW54U8RzeHdXSVWJtpCFnj7FfX6itqWKknaexx4nLKbi5UtH2PR/G3g+LXLN7yyjC6hEuQQMecB/Cff0NeOEEEgjBHUGvo5HWSNXjIZWAKkdxXi/j/Sl0vxVMYl2xXSiZQOxPX9Qfzq8XTS99GeV4iTboy+X+RzNFFFeee6FFFFABRRRQAUUUUAFFFFABRRRQAUUUUAFFFFABRRRQAUUUUAFFFFABRRRQAUUUUAFFFFABRRRQAUUUUAFFFFABXovwo+EOp/EjUxNJvs9EgfFxeY5Y/3I89W9+g/SsD4c+H7TxV8RdG0TUjILW8uNkvlnDFQCcA9s4xX3lpelWOiaXBp2lW0draW6BIoo1wFFAEGgeH9M8MaJb6TodolrZ267UjXv6knuT3J61a1DULTStPnvtSuI7a1t0LyzSttVFHUk1Yqpqek6drVmbTWdPtdQtiQxhuoVlQkdDtYEUAfIfxj+Nt348uZNI0JpLTw/G3TlXuyP4n9F9F/E88DyOvv/AP4Vx4I/6E3w/wD+CuD/AOJo/wCFceCP+hN8P/8Agrg/+JoA+AKK+/8A/hXHgj/oTfD/AP4K4P8A4mvjf4y2Fnpfxf1+z0y0gs7WKZBHBbxiNEHloeFGAOSaAOJRGkdUjUszHCqoySfSvp/4KfAVdM+z+JvG9uGvOJLTTpBkQ+jyDu3oO3fnpj/sveCtG1X+0PE2o2/2m+sLgQ2qycpFlQd4H97nr2r6boAK4r4l/E7SPhtof2m+YXGoTgi0sUbDSt6n+6o7n+tdrWNqfg7wzrV4bvWPDuk6hclQpmurGKVyB0G5lJxQB8I+LvF+seNvEE2r69cmaeThEHCRL2VB2ArDr7//AOFceCP+hN8P/wDgrg/+Jo/4Vx4I/wChN8P/APgrg/8AiaAPgCivtb4meA/CFh8LvEd3Y+FdEtrmHT5nimh06FHRgpwQwXIPuK+KaAO7+Hnwl1z4hF7i1aOx02Ntj3k4JBPoij7x/Ie9egX37Ld7FZO+m+KIbm5AykU1kYlY+m4O2Pyr2b4a2Nvp3wz0CCz2mM2Mbll6OzLuLfiSTXUUAfAuuaHqHhzWbjS9Ytmtru3ba6N+hB7g+tdh8DP+S2+HP+u8n/op67r9qKyt49Y0C9QItxNDLHIQPmZVKlfy3H868GoA/SOivzcooA/SOivzcooA/SOivKP2bf8Aki9l/wBfU/8A6Ga9XoAK8X/ai/5JXb/9hCP/ANBavEv2h/8AktOq/wDXOH/0WK8xoAK9U/Zx/wCS0WH/AF7zf+gV5XXqn7OP/JaLD/r3m/8AQKAPs+vLf2jf+SJap/13t/8A0atepV5b+0b/AMkS1T/rvb/+jVoA+LqKKKACiiigAooooAs3n/LD/ritVqs3n/LD/ritVqACiiigAooooAKKKKACiiigAooooAKKKKACiiigAooooAKKKKACiiigAooooAKKKKACiiigArR8PAN4l00HobqP/wBCFZ1X9CfyvEOnuei3MZ/8eFVH4kRU+B+h9A0UUV7x8OIQD1GaWisPxN4ptPDVmHmHm3En+qgU4Le5PYVMpKKuyoQlUkoxV2blFeJal481/UZCRetaxk8R23yY/Hr+tUI/E+uxOGXWL4kf3p2YfkTiuR4yF9EetHKarWske+UV5f4d+Jlylwlv4gCywscfaEUKye5A4I+mPxr05HWSNXjYMjDKsDkEetdNOrGorxPPr4aph5WmhWAZSrAEEYIPevJfH3hBdHm/tLTkxZSth4x/yyY/0P6V63VXU7CLU9MuLKcZSZCp9vQ/geamtTVSNisLiJYeopLbqfPNFSXED21zLBKMPE5Rh7g4qOvFPsdz2D4Y/wDIoH/r5f8AkKv+OdSbTPCN3JG22SUCFCO27r+maofDH/kUD/18v/IVV+KshXw/aIOjXPP4Ka9bm5cPfyPl3BTx/K+55TRRRXkn1AUUUUAFdx8LLtovENxa5+WeAnHupGP0Jrh66r4cEjxpb47xyZ/75rWi7VEcuMSeHmn2PV9cgFzoF/C3R7dx/wCOmvn6voq8/wCPGf8A65t/KvnWurGbo83KH7s16BRRRXAe4FFFFAH0Jo//ACA7H/r2j/8AQRVyvL7T4pvaWMFv/ZCv5Mapu+0YzgYz92pv+Ftv30Zf/An/AOxr11iaSW58rLL8S5NqP4r/ADPSqK4Sw+KmmzuF1CzntMnG5SJFH16H8ga7SzvbbULVLmymSaFxlXQ5BrWFSE/hZyVcPVo/HGxPXE+MvAsOqQyX+kxrFfKCzxqMLN/g3v37121FOcIzVpCo1p0Z80GfODKVYqwIIOCD2pK7L4k6Kuna8t5Au2K9BYgdA4+9+fB/OuNrxZwcJOLPsaNVVaamuoV9CaP/AMgOx/69o/8A0EV8919CaP8A8gOx/wCvaP8A9BFdmD3Z5Ob/AAw+ZwvxW1FljstORsBszOPXHC/1rzWuy+KDlvFiKei2yY/M1xtc+Id6rO7AxUcPGwUUUVgdoUUUUAe/+H7s33h2wuXOWkgQsfU45rm/ifqLWvh2K0jODdy4b/dXk/ritfwSSfBem55/dn/0I1yHxZc/atMTtskP6ivWqyfsL+R8thqaeN5ezf4HnlFFFeSfUhRRRQAV7h4HuzeeDbB3OWRDGf8AgJIH6AV4fXsfw1JPg2LPaZwPzrswj/efI8nNUnQT8zE+LMAxpk/f94h/Q15vXqHxY/5Ben/9dm/9Bry+oxP8Vm2XO+Gj8/zCiiiuY9A9+8Of8ixpv/XrH/6CK83+Kf8AyM8H/Xqv/oTV6R4c/wCRY03/AK9Y/wD0EV5v8U/+Rng/69V/9CavUxH8FfI+awH++P5nE0UUV5Z9KWdO/wCQpa/9dk/9CFfQ9fPGnf8AIUtf+uyf+hCvoevRwezPn83+KHzPJfihqTXHiGKyDfu7WIEj/abk/piuJrd8ayGTxnqRPaXb+QArCrjqu9Rs9fCxUKEEuwUUUVkdIUUUUAe4+B7s3ng2wdzlkQxk/wC6SB+gFct8WYBjTZ+/7xD+hrb+GpJ8Gx57TPj86zfix/yC9P8A+uzf+g16k9cPr2R8zR93MLLu/wBTy6iiivLPpgooooAKKKKACiiigAooooAKKKKACiiigAooooAKKKKACiiigAooooAKKKKACiiigAooooAKKKKACiiigAooooA6z4Xa1p/h34naHq2s3H2axtZy80uxn2jaRnCgk8nsK+rv+Gg/hj/0M3/khc//ABuviWigD7a/4aD+GP8A0M3/AJIXP/xuj/hoP4Y/9DN/5IXP/wAbr4looA+2v+Gg/hj/ANDN/wCSFz/8bo/4aD+GP/Qzf+SFz/8AG6+JaKAPtr/hoP4Y/wDQzf8Akhc//G6+VPitrmneJfilrer6JcfabG6lRoZdjJuAjUHhgCOQeorkKKAPfv2e/iX4S8D+GdWtPFOrfYZ7i8EsSfZpZNy7AM5RSBz6165/w0H8Mf8AoZv/ACQuf/jdfEtFAH21/wANB/DH/oZv/JC5/wDjdH/DQfwx/wChm/8AJC5/+N18S0UAfbX/AA0H8Mf+hm/8kLn/AON0f8NB/DH/AKGb/wAkLn/43XxLRQB9cfEH43fD3XPh1r2l6X4g8+8u7GWKCL7FcLvcrgDLRgD8TXyPRRQB9D/Bb4z6VY6Bb+GvFl0LNrX5LS7kH7tk7Ix/hI6AnjHevV7/AOJ/gjTrJ7mbxTpUiIMlLe6SZz7BEJJ/KviGigDtvip8QH+IXiz7bFG8NhbJ5NpE/wB4LnJY+5Pb2FcTRRQAUUUUAFFFFAH0z8Efi54I8IfDG10nxFrf2O+jnmdovsk8mAzZByiEdPevQf8AhoP4Y/8AQzf+SFz/APG6+JaKAO7+MviPSvFfxP1DVtAuvtdjMkYSXy3TJCAHhgD19q4SiigArv8A4KeJtI8I/E601bxDd/ZLGOGVWl8t5MErgcICf0rgKKAPtr/hoP4Y/wDQzf8Akhc//G64H41fF7wP4t+Ft/pHh7W/td9NLCyRfZJ48hZATy6AdB618x0UAFFFFABRRRQAUUUUAWbz/lh/1xWq1Wbz/lh/1xWq1ABRRRQAUUUUAFFFFABRRRQAUUUUAFFFFABRRRQAUUUUAFFFFABRRRQAUUUUAFFFFABRRRQAU6KQxTJIvVGDD8KbRQB9F20y3NrFOhysiBwfYjNS1zPgDUxqPhO3UtmW1/cuPp0/TFdNXvQlzRTPiKsHTqOD6BXhfjLUZNS8WXskjErFIYox6KvH+J/GvdK8K8YWEmneLL6OQECSUyofVW5/+t+FcmMvyI9TKeX2sr72MSiiivMPowr2P4b373nhNY5W3G2laIE/3eCP54rxyvYvhtYPZ+E1klUqbmVpQD/d4A/lXXhL+0PLzTl9hr3Ouooor1T5g8J8YRCHxhqaL088t+fP9axa1fFFyLvxVqMynKm4YA+wOP6VlV4U/iZ9tRuqUb9kewfDH/kUD/18v/IVT+K//IEsf+vg/wDoJq58Mf8AkUD/ANfL/wAhVP4r/wDIEsf+vg/+gmvRl/u3yPn4/wDIx+bPK6KKK8s+lCiiigArqvhx/wAjrb/9c5P/AEE1ytdV8OP+R1t/+ucn/oJrWj/Ej6nNiv4E/RnsF5/x4z/9c2/lXzrX0Vef8eM//XNv5V8611YzeJ5mUbT+X6hRRWp4f0K48Q6oLK2YJ8pdpGGQgHr+OB+NcKTk7I9qUowi5S2Rl0Vo6xoOo6FceVqNu0YJwsg5R/of8ms6hpp2YRlGS5ou6CiiikUFdp8M9VmtvEJ08sTBdIflzwGAyD+QIri67P4Z6VLdeIvt+0iC0Q5bsWYYA/Ik1tQv7RWOTGcv1efN2/4Y9dooor2j484n4pQLJ4ZgmI+aK5GD7EH/AOtXktetfFK4EfhqCE/eluRj6AGvJa8nFfxD6jLL/V9e7CvoTR/+QHY/9e0f/oIr57r6E0f/AJAdj/17R/8AoIrXB7s583+GHzPK/id/yN//AG7p/M1x9dh8Tv8Akb/+3dP5muPrlrfxGejg/wDd4egUUUVkdQUUUUAe5eCP+RK03/rmf/QjXH/Fn/j+03/rm/8AMV2Hgj/kStN/65n/ANCNcf8AFn/j+03/AK5v/MV6lX/d/uPmsL/v79X+p57RRRXln0oUUUUAFex/DT/kTY/+uz/zrxyvY/hp/wAibH/12f8AnXXhP4h5eaf7v8zN+LH/ACC9P/67N/6DXl1eo/Fj/kF6f/12b/0GvLqnFfxWXlv+7L5/mFFFFcx6J794c/5FjTf+vWP/ANBFeb/FP/kZ4P8Ar1X/ANCavSPDn/Isab/16x/+givN/in/AMjPB/16r/6E1epiP4K+R81gP98fzOJoooryz6Us6d/yFLX/AK7J/wChCvoevnjTv+Qpa/8AXZP/AEIV9D16OD2Z8/m/xQ+Z4V4y/wCRy1P/AK7H+QrErb8Zf8jlqf8A12P8hWJXDU+NntUP4UfRBRRRUGwUUUUAex/DT/kTY/8Ars/86zfix/yC9P8A+uzf+g1pfDT/AJE2P/rs/wDOs34sf8gvT/8Ars3/AKDXqS/3b5HzVP8A5GHzZ5dRRRXln0oUUUUAFFFFABRRRQAUUUUAFFFFABRRRQAUUUUAFFFFABRRRQAUUUUAFFFFABRRRQAUUUUAFFFFABRRRQAUUUUAFFFFABRRRQAUUUUAFFFFABRRRQAUUUUAFFFFABRRRQAUUUUAFFFFABRRRQAUUUUAFFFFABRRRQAUUUUAFFFFABRRRQAUUUUAFFFFAFm8/wCWH/XFarVZvP8Alh/1xWq1ABRRRQAUUUUAFFFFABRRRQAUUUUAFFFFABRRRQAUUUUAFFFFABRRRQAUUUUAFFFFABRRRQAUUUUAdT4B8QjRNc8q5fbaXeEck8K38Lf0/GvZ6+b69L8DeOUeOPStalCuoCwXDnhh2Vj6+h/ye7C1kvckeJmWEc/30Fr1PRawfFHhS18TWqiRvJuox+6nAzj2I7it6ivQlFSVmeFTqSpyUouzPEdQ8CeINPkI+wtcoDxJbHeD+HX9Kox+GNdkcKuj3wJ/vW7KPzIr3yiuR4OF9GerHNqqWsUeX+HfhncyXCXHiDbDCpz9nRgzP7EjgD6c/SvTkRYo1jjUKigBVAwAPSnUV0U6UaatE8+viamIlebCsnxLrCaHoFxeMQJAu2If3nPT/H8K0Lq7gsbWS5u5VihjGWdjgAV4v4w8UyeJNS/d7ksoSRCh7/7R9z+lRXqqnHzNsFhXXqa/CtznmYsxZjkk5J9aSiivHPrT2D4Y/wDIoH/r5f8AkKp/Ff8A5Alj/wBfB/8AQTVz4Y/8igf+vl/5CqfxX/5Alj/18H/0E16kv92+R81H/kY/NnldFFFeWfShRRRQAV1Xw4/5HW3/AOucn/oJrla6r4cf8jrb/wDXOT/0E1rR/iR9TmxX8Cfoz2C8/wCPGf8A65t/KvnWvoq8/wCPGf8A65t/KvnWurGbxPMyjafy/UK9h+Hehf2VoIu51xc3uHORyqfwj+v415doUNlPrlqmqTLDaGQGRmzjHp7Z6Zr32Jo3hRoGVoyAVKHII7YpYSCbcmVmtZxiqa6iTwRXMLRXMSSxsMMkihgfqDXKal8NtDvmZ7YS2Mh/55Nlc/7p/kMV19Fd8oRn8SPDp1qlJ3g7Hl9z8J7xT/oepwSj/prGU/lmqo+FWt55u7DH/XR//iK9aorH6rS7HYsyxKW/4HnenfCmJJFfVdQMqjrFAm3P/Aj/AIV3ljYWumWaWtjCsEKdFUfr7n3qxRWsKUIfCjlrYmrW+N3CiiuP8beM4tFtnsdPkD6hIMErz5I9T7+g/GnOahG7JpUp1pqEFqch8SdaXUdfWzgbdFZKUJB4Ln735cD8K46lZizFmJJJySe9JXizk5ycmfY0aSpU1BdAr6E0f/kB2P8A17R/+givnuvoTR/+QHY/9e0f/oIrswe7PJzf4YfM8r+J3/I3/wDbun8zXH12HxO/5G//ALd0/ma4+uWt/EZ6OD/3eHoFFFFZHUFFFFAHuXgj/kStN/65n/0I1x/xZ/4/tN/65v8AzFdh4I/5ErTf+uZ/9CNcf8Wf+P7Tf+ub/wAxXqVf93+4+awv+/v1f6nntFFFeWfShRRRQAV7H8NP+RNj/wCuz/zrxyvY/hp/yJsf/XZ/5114T+IeXmn+7/Mzfix/yC9P/wCuzf8AoNeXV6j8WP8AkF6f/wBdm/8AQa8uqcV/FZeW/wC7L5/mFFFFcx6J794c/wCRY03/AK9Y/wD0EV5v8U/+Rng/69V/9CavSPDn/Isab/16x/8AoIrzf4p/8jPB/wBeq/8AoTV6mI/gr5HzWA/3x/M4miiivLPpSzp3/IUtf+uyf+hCvoevnjTv+Qpa/wDXZP8A0IV9D16OD2Z8/m/xQ+Z4V4y/5HLU/wDrsf5CsStvxl/yOWp/9dj/ACFYlcNT42e1Q/hR9EFFFFQbBRRRQB7H8NP+RNj/AOuz/wA6zfix/wAgvT/+uzf+g1pfDT/kTY/+uz/zrN+LH/IL0/8A67N/6DXqS/3b5HzVP/kYfNnl1FFFeWfShRRRQAUUUUAFFFFABRRRQAUUUUAFFFFABRRRQAUUUUAFFFFABRRRQAUUUUAFFFFABRRRQAUUUUAFFFFABRRRQAUUUUAFFFFABRW74R8LN4u1dtPj1jSNIdYvMWXVrryI3O4DYpwcsd3A9Aa2H+GV7bePtR8J6p4g8P6XdafGJJLq/vWht3yEIVHZMlsOOMDofSnysVziqK73xR8JNQ8L+EB4kk8R+HNTsGmEEZ0y+aYyP3C/IAcck88Vy/hnw1qfi7xBbaLodv595cEhQThVAGSzHsAOSaS1dkN6K7MqivQte+Der6Jod/qcWv8AhvVk04Zu4NN1HzJYBnB3KVXoT06+1cxqfhS+0rwnoviG4lt2tNZMwt0RmMi+U21twIAHPTBP4UrodmYlFFFMQUUUUAFFFFABRRSqNzAepxTSbdkAlFdB448Jy+CPF11oNxdJdyW6xsZkQqG3oH6H/exUeg+Er/xBpGs6nby21vZ6Lbie5muHKg7jhEXAOXY5AHA46ilurjs7pf1qYdFdtd/C+/tvh7J4wg13Qb+yhSFp7azvGluIDKVCo6hMKwLcgnsetSeFvhJrnijw8uuNqGj6LpssvkwXGr3fkLcPnGEwpzzx256U+V3a7E3RwtFdk3wu1+D4iReDNQa0sdTnGbeSeRvJnGCV2uqnO7BA468HBrkrq2msrya1uozHPBI0ciN1VlOCD+IqboZFRXbzfC6+TwDP4tttf8P31pbQwy3FpaXrSXMHmkBVdAmFbJ5BPY9cVzXh7w/qPinX7XR9GgM95dPtRegUd2Y9lA5J9Kqz5uXqD0jzdDNoq9rel/2Jrd3ppvLW+a1kMTXFozNE5HXaWAJGeM47ccc1p2fgvUbnwTeeKp5bay0y3lEETXLMrXcp/giAU7iO5OAPXg4lNNXG007M56ius8FfD6+8b22p3Vtquk6Va6WsbXFzqty0EY3khfmCkdR3x1FVfFvhD/hEpbVP+Eh0HW/tCsd2jXv2gRYxw/yjBOePoab03Ec7RRRQAUUUUAFFFFABRRRQBZvP+WH/AFxWq1Wbz/lh/wBcVqtQAUUUUAFFFFABRRRQAUUUUAFFFFABRRRQAUUUUAFFFFABRRRQAUUUUAFFFFABRRRQAUUUUAFFFFABRRRQB1Ph7x9qeiKsE3+m2i8CORsMg/2W/oc132m/EPQL9VEtw1nIeNlwuB/30Mj8yK8Yorop4ipDTc4K2AoVne1n5H0Pb6lY3gzaXlvOP+mUqt/I1YzjrXzhRW/1x/ynC8oXSf4f8E+g7rWNNss/bNQtoSOzzKD+Wa5jVfibpFmpXTlkv5e2AUQfUkZ/IV5HRUSxk3srG1PKqUXebb/A19d8T6l4hmDX0uIlOUgj4Rfw7n3NZFFFcjk5O7PVhCMI8sVZBRRRSKPSPAvivRdG8OfZdSvPJm85m2+U7cEDuARVb4g+JtJ1zS7WHS7vz5I5tzDy3XA2kfxAVwFFdHt5OHJ0OFYGmq3tru/9eQUUUVzncFFFFABW/wCCtTtNI8UQ3eoS+TAqOC+0tglcDgAmsCiqjJxkmiKkFUg4Pqez3Pj7w1JayompZZkIA8iTk4/3a8YoorSrWlVtc58NhYYa/I3r3CtXR/E2q6E3/EvumWPOTC/zIfwPT6jBrKorJScXdHTKEZrlkro9N034rQMoXV7B42xzJbncCf8AdOMfma6az8a+Hr3/AFeqQxnuJsx4/wC+sCvDKK6o4qot9TzamV0Jaxuj6IgvrS6XdbXUMw9Y5A38qsV830Vr9d/unM8oXSf4f8E+h7jUbK0Gbq8t4B6ySqv8zWJqHj7w9YBh9t+0uP4LZd+fx+7+teJ0VMsZJ7I0hlNNfFJv8Dttc+JmoX6tDpUf2GE8GTO6Qj69F/Dn3rimZncs7FmY5JJySaSiuSdSU3eTPTpUadFWgrBRRRUGwV7Hpvjvw5b6VaQy6jtkjhRWHkSHBCgH+GvHKK1pVZUnocuJwsMSkpt6djpPHWq2Ws+I/tWmzedD5Kru2MvIz2IBrm6KKiUnKTkzanTVOCgtkFFFFSaBRRRQB6r4W8Z6BpvheytL2/8ALniQh08mQ4O4nqFxXN/EPXtN1y6sX0q589YkYOfLZcEkY+8BXHUV0SrylDkexw08DTp1vbJu+v4/IKKKK5zuCiiigAr0rwP4s0TR/DSWuo3vkziV2K+U7cHpyARXmtFaU6jpy5kc+Iw8cRDkkd58QvEmk65YWcel3fnvHKzOPLdcDH+0BXB0UUqk3UlzMqhRjQgoR2CiiioNj17RfHHh200Kxt7jUNksUCI6+RIcEKARkLXE+PtYsdb12G40yfz4lgCFtjLg7icYIHrXL0V0TrynHlZw0cDTo1PaRbv/AF5BRRRXOdxNZSLDf28khwiSqzHHQA17N/wsHwx/0E//ACXl/wDia8ToralWlSvY48Tg6eJac29OxqeJbyDUPEt9dWj+ZBLKWRsEZH0PNZdFFZN3dzqjFQioroFFFFIoKKKKAPSvA/izRNH8NJa6je+TOJXYr5TtwenIBFUfiF4k0nXLCzj0u78945WZx5brgY/2gK4Oiuh15OHJ0OFYGmq3tru+/wDWgUUUVzncFFFFABRRRQAUUUUAFFFFABRRRQAUUUUAFFFFABRRRQAUUUUAFFFFABRRRQAUUUUAFFFFABRRRQAUUUUAFFFFABRRRQAUUUUAXNH/AOQ7Yf8AXzH/AOhCvRPjRpGo6r8bvFL6bp9zera+RLP9niZ/LTyYxlsDge9eZQzPbzxzQttkjYOpxnBByK6WH4leL7bxfc+J7bW5odXugBPPGiKsoChQGjC7CAAOCO2etVdaeV/0/wAiLPmb9P1/zPQPFjab8Q/hBN4lsdKvfDsfhcxWlrZNP5tpNG7BW2Hap8wHljz2znPHEfC7W9a8PeNF1Dw/o0mtSR28i3NlEjEyQEYf7oJHbnBqDxX8TPF/ja0itfE+tSXtvC+9IhFHEu71IRVBP16ViaLrmqeHNUi1LQ76axvIvuywtg49D6j1B4NSvib7/Ppr95b+FLt/X4Hpi+DvA/jjQ9ev/CVprnh3UNHs3vJrW+xNafIMmMSfeDf735da1v8AhYGseA/gN4Ik8OfZ4L27kvQbySFZHjRZ8lVDAgbiRn6CuC8RfF7x14q0h9L13xBLcWUmPMhSCKIPjsxRQSPY8Vzt54h1TUNB07Rry58zT9MMhtIfLUeV5jbn+YDJyfUn2p3fK0vL8LlLl6+f5aHrfjqxl8W+Nvh1q9jZ2EWseIrOCa5V4h9nllD/AHnTuMdR3AAr0S8uxrmi+NPD+teMLbxL9h0y4d9Nj8Ovax2Esa5UpNyvBHAJJPUHg18z3fi7Xb3+x/P1B92iRrFp7RosbW6qcjBUAkg9zk10eofG34h6rZyWt/4jklglheCSP7LCodHXawOEGTjv1HY1LXuOPnL8dvuCDtUjKXTl/Df7/wDhzrfCnh8/Ff4feGrAkNdeHNVFpdsWwRYS/PuP+6UZRXWX1lo/xM8UaB48to4otI0W4uYNUAPyrDakywE/7yYz9cV4H4f8X674Viv49A1B7JdRgNvdBEVvMTnj5gcHk8jBGetGl+L9d0Xw/qWiaZqLwadqgAvLcIpEoHuQSvocEZ71Tb1a33Xrt/wfVshJWs9tn6f1+SPTNKvL74x+D/E+jN+81mLVV1nT42fkJK/lyoP9lQymuu8R+GdL+JEdl4Z8PqgPgzVYNKmdW5azZFWSQ+4kjf8AL3rwLw14p1nwfrA1Tw5etZXojaPzQivlW6jDAg/lU2heNPEPhq6v7nRNUltZtRiaK7farmVWOTncDg57jkZODS0VrLt96tb5WVn6seru35/c9/nfVHtPh7Wb7W/Gvjjxhpet6f4e0bTVjtItSm037dLbQplIxCnYELk9RyOD2o/HJLbVPAfhHxC2pLrV9NNLbvqw01rFrqMcqWjbnjHB6ckgc15N4U8ceI/BF3Nc+FtUksJLhAkuER1cDplXBBI5wcZGT61P4m+IfinxjbxQeJdWe/jhmaaNWijXa5GCRtUcYHTp7U1o426W/B6/fqNOzb9fy0+46L4+f8lm1b/rlb/+iEp+mM0H7M+ttAvNz4hghnIHWNYt659t1cPr/iDU/FGsy6trtz9qvZgokl8tUyFUKOFAHQDtW94Y8W2On+BPE3hjWormS31WOOa0e3VWMNzG2VJBI+VhwSMnA6Gos+Rr+tGmVzJzi/l+Fjf8J/8AJufj7/r8sP8A0aKs/E+0vNQ+HXw6vdLikn0lNJFsDCpZUut2JFOOjEgDHU4Ned2niTVbHw5f6Da3WzTdReN7qDy0PmMhyp3Ebhg+hFa/hb4neMfBVlJZ+Gtbls7aRt5hMUcqBvUB1YA/TFaStL8H9ysZQTj+P4u56D45a70q/wDhLa3isNfsrSBp0cZkQecvlK3fIwwxXEfGKCG2+MXiWO3ACfbWfA/vMAzfqTUHh7xfFJ8TLPxT46nvtT8icXMpiCtJK6covJUBdwXp0AwBWBr2rz6/4h1DV7via+uHuHAPQsxOPwzis2m2n/if3tf5MqKsmk+kV9yZ3vgX/kh3xK+mnf8Ao5q6jwb4f07S/hS8nh7xp4T0/wATa9Hsu7jUdUWGSytj1hQAEhz/ABEgY/AGvHrHxFqmmaHqWj2V15Vhqvl/bIfLU+b5ZLJyRkYJPQj3rMrSbUm/NJfcrP7/AMh30Xk2/wAj2bxb8FNC8PeNtF0//hMdMtdLvjGLk3l+n2iEbGdpMbVURnZtVj3YV12r/D3TfHuqXFlD4w8NReHND0uX+x7DSdXV2tyuP31xlD8pPLsDkcc9z4B4h8Tat4q1JL/X7v7XcpCkCv5aJhF+6MKAOPXrTdE8Rar4ckvH0a6+zNfWr2dwfLV98L43L8wOM4HIwfepW1n5/rb7vwCNlJN+X/BPQfDupQ+AdB8T6PrPhZPGOi3lzDFc6lpuoyx2haIb1VZUTnlgeo9Oag+J3hTw9Z+E/Dvizwtpl5ocGrmWOTS7yRnZCh4dSxJKn1PqOlcx4V+IvizwTHLH4Y1qayimO54tiSRk+uxwQD7gZqp4p8ZeIPGmoR3vifU5b+aJNke5VVUHfaqgKM98DmlK7trrpr6IUdPxMSiiimAUUUUAFFFFABRRRQBZvP8Alh/1xWq1Wbz/AJYf9cVqtQAUUUUAFFFFABRRRQAUUUUAFFFFABRRRQAUUUUAFFFFABRRRQAUUUUAFFFFABRRRQAUUUUAFFFFABRRRQAUUUUAFFFFABRRRQAUUUUAFFFFABRRRQAUUUUAFFFFABRRRQAUUUUAFFFFABRRRQAUUUUAFFFFABRRRQAUUUUAFFFFABRRRQAUUUUAFFFFABRRRQAUUUUAFFFFABRRRQAUUUUAFFFFABRRRQAUUUUAFFFFABRRRQAUUUUAFFFFABRRRQAUUUUAFFFFABRRRQAUUUUAFFFFABRRRQAUUUUAFFFFABRRRQAUUUUAFFFFABRRRQAUUUUAFFFFABRRRQAUUUUAFFFFABRRRQAUUUUAFFFFABRRVjT7C51XU7bT7CPzbq6lWGGPcF3uxwoycAcnvTSbdkBXoq1c6Ze2mry6XcW0iX0Uxt3t8ZYSA7duB1OeOKk1rRb/AMPazc6VrFv9mvbVts0RdW2HAOMqSOhHQ1N194WadijRRRTAKKunSL4aENZMH+gG5NqJt6/60KG27c5+6Qc4xVKldbAFFFdRH8OPFM1gLqPToyGtjdrb/bIRcNCBneIN/mEY5zt6U9lcOtjl6K6gfDjxSbBroadGQtr9rNv9sh+0CHGd/kb/ADMY5+7XOWlrPfXkNpaRNLPPIscUa9XZjgAfUmjrbqK6tfoRUVf1vRNR8OaxPpWs2xtr23IEkW9WxkAjBUkEEEHINUKE76oewUVPa2Ut553ktAvkxNK3nTpFlR1C7iNzeirlj2Bq7qPhzUdMvrCzmiEtxqFvDcW8cJ3l1lAKDH945HFH9f19wGXRXSar8P8AxJo2nXN9fWUPkWjrHc/Z72Cdrdm4AkSN2ZMnj5gOaff/AA58Vabp0t7d6XtjgVGniS5ikmgD/dMkKsZEzkfeUUAcxRXT6h8OvFGmafdXl3p8QSyRZLqOO8gkmt1Y4BkiVy6D/eUYrHh0TUJ9DudYjt8afbSrDJO7qoMjdEUEgu2BkhckDk4FAFCiiigAooooAKKKKACiiigAooooAKKKKALN5/yw/wCuK1Wqzef8sP8AritVqACiiigAooooAKKKKACiiigAooooAKKKKACiiigAooooAKKKKACiiigAooooAKKKKACiiigAooooAKKKKACiiigAooooAKKKKACiiigAooooAKKKKACiiigAooooAKKKKACiiigAooooAKKKKACiiigAooooAKKKKACiiigAooooAKKKKACiiigAooooAKKKKACiiigAooooAKKKKACiiigAooooAKKKKACiiigAooooAKKKKACiiigAooooAKKKKACiiigAooooAKKKKACiiigAooooAKKKKACiiigAooooAKKKKACiiigAooooAKKKKACiiigAooooAKKKKACiiigAooooAKKKKACiiigAooooAK6L4ff8lL8Nf9hW2/8ARq1ztFVCXLJS7Ckrqx7Bq3iTQxf3njSWeP8A4SnTnl09LJgMzTglYbvHcLHnP+2i+tdD4nOvm+8VH4feefER1eL7abH/AI/DafZ49m3HzbPM3btvtnivn6isYwtbXpb8U/xt9zt0Kk7u/wDX9I951nW77w/oPiu+sZ4rbxGNO0lNUntguY7tnlEhBXgSbdoJXoS2Oah0q8v9YtdC1uOSG48YXvh67Sxurnb5k1xHdbFILcGUQhwpPJIFeGUVUVZP1+7Rqy++6C9vw/C2/wBx9AWFr4pv/D3hO18dX11Y6k3iFzFNdhDdqgtyUDeYD8zMCqlwSMjtin6xq93ofhnRdZ8U6drcJTW5LKePXr1bm6kspoWWVTiNCqHBIVgeVyDjFfPlaOiatFo981xPpVhqqNGUMF+rlByDuGxlIPHr3NNRV3fr/kl+NtfUn0/rf8rnY/EHT4/BOh2ngu3nSeV7l9SvZkIIkBJS3GR/0zy+P+mtafhTwT4i8K6Fb+LLfw/q2patfW7/ANkwWVnJKkCOhX7RKygj7rHanU9TgYz51rut3niPXbrVtSKG5un3uEXaqjGAqjsAAAB6AVn0WvF36/1+Wl/1Ke68v6/PW36HrGgeAvE/gvRxrw8Na1e69e28kdhbW1hK62aOpRppiFI34YhY+o6tjgVhfD6zg0SXVfE+vPc2Mejr9mgZLYSSreyZVMRsyBigDuQWGNorhKKfVv5f1+Pz+4XS39f1+n3nuXg6DTde8ReC9a0S8u7+TRb1NNv5b60WBzGwdoHKrJINoAaPdn+FRj1b/wAVd/Z+uf8ACyt/9medD/ZXn7dn2rzo9n2T/Y8vdnZ8u3rXkPh7XLnw14hs9YsUikuLOTzI1mBKE4xyAQe/rWbVKVnf+tbfrquxm4tt+i/C/wCGtn3PbNU1/Uta+JvxDt9Qunkt7DSNUgtYAcRwqGAO1egJwCT1J61xXxFgluda8OQW8bSzS6BpyRogyWYxAAAeua4iis1HRLtb8Ob/ADNm9ZNdf+B/key6d4U1r4cW8NvdeHdWvJrqe2n1u8jsJXtbO1jlWUxKwXa7fKC7Z2jG0Z5NQ/8ACOa1oXi/xd4l1mNo9DuLS/2XrMGi1AXCuIVjbOHLMyNxnG3nFeQUVT1d/VfJ/wBaCTtt5P7v6/LY9bg8B+I/BPhu4iHhzW73V9atfIupLSwklisLRiGddwG15WC8jOFHGc9J45PAvi7T9Ttba61qDSdC0Z5bKzfTY1+ztvjDzlluf3srFjkMFBB7bQK8dopPW/8AXe33XFHRoVsbjtJIzwSMUlFFMAooooAKKKKACiiigAooooAKKKKALN5/yw/64rVarN5/yw/64rVagAooooAKKKKACiiigAooooAKKKKACiiigAooooAKKKKACiiigAooooAKKKKACiiigAooooAKKKKACiiigAooooAKKKKACiiigAooooAKKKKACiiigAooooAKKKKACiiigAooooAKKKKACiiigAooooAKKKKACiiigAooooAKKKKACiiigAooooAKKKKACiiigAooooAKKKKACiiigAooooAKKKKACiiigAooooAKKKKACiiigAooooAKKKKACiiigAooooAKKKKACiiigAooooAKKKKACiiigAooooAKKKKACiilRDJIqLgFiANzAD8SeBQAlFSy2zwpudoiN5T5JVY5HXgHOPQ9D2ojtZpbWa4RMxQlRI2R8u7OOPwNAEVFFFABRRRQAUUV03w60zQ9Z+IOkaf4ruJLfTLicJKycbiR8qE/whmwCewPbqADB0/T7rVdTttP0+Ez3d3KsMMQIBd2OFHPHJNdF4s+GXi7wPYwXnijSDY29xJ5Ucn2iKXLYJx8jHHAPWvrXUvhn8PfDmqr4ufS7PT7nT4l+z7pWigWRB8jbF6twB0JPoTXLeIb7Qfin438N6Zq3kT6Pc2crm188iWGZgcElPuvlVwM9M+uKuMHLUynVjBpPc+SaK+m/wBoPwJ4G8NfDiynsLCPTNSgkW3sPs0f+vGcush/iwuW3HnPfk18yVBqFFFFABRRRQAUUUUAFFFFABRRRQAUUUUAFFFFABRRRQAUUUUAFFFFABRRRQAUUUUAFFFFABRRRQAUUUUAFFFFABRRRQAUUUUAFFFFABRRRQAUUUUAWbz/AJYf9cVqtVm8/wCWH/XFarUAFFFFABRRRQAUUUUAFFFFABRRRQAUUUUAFFFFABRRRQAUUUUAFFFFABRRRQAUUUUAFFFFABRRRQAUUUUAFFFFABRRRQAUUUUAFFFFABRRRQAUUUUAFFFFABRRRQAUUUUAFFFFABRRRQAUUUUAFFFFABRRRQAUUUUAFFFFABRRRQAUUUUAFFFFABRRRQAUUUUAFFFFABRRRQAUUUUAFFFFABRRRQAUUUUAFFFFABRRRQAUUUUAFFFFABRRRQAUUUUAFFFFABRRRQAVo6FMiaosM7bYLpTbyn0DjAP4HB/Cs6igDs1s7eZV0a62L/Ym24nIIyw6zrnuQdqj/dqG2v2vLb/hIp2U3WmtICDzuZ23QnHfDM5+iCuSop3e4rI7Cae10e4ikTH2bV5vOkVT922ZSu383kH1QU8aZEy/8IvO8ava7buSYEfez+859oip/wCAVxlFF/6/IDptLu7l9cvtV8gostpcvAXTKYVCABng7eBStr+qf8ItHdfbpvtf2xohdbz5wTYG2b/vbcnOM1zFFLpb+t7hbX+ux2NzB/bGpXOk5SOW4SC8iY4VfMMSmT6ZUsx91FYep3NhfXFxKJ7iPysRWkSwhlMagBdzFgQcDJ+U8moLTVGsrSWKG1t/OkVl+0kN5iqwwQOdvIyM4zyeao035AjtoNVu18RaJpwl/wBCltraOa3x8kwZBnevRuDjnpxWYL+61fQb9dSuWlWG4hMJk5EG4sCFH8K47DjgVzlFF9Qtpod/qkM/9k6nDdw6hLFbmNraW+uVMUmJVXdEmwbVIJ5UkAED0qO9iv5761urubULeEahCY7G9j2xrlukLZwwA9ABjFcJVvTdQ/s27FwtrBcSIQ0fnbiEYHIYBWGT9cj2pp6oTWljprbyt1r5/lf8hO98vzsbPM8tNmc8Y3bevFNu/wC3T4X1FNf+0GRpofJF1nzDyc7c87entnp3rkndpJGdzlmJLH1JptSvhSLerOrtItbg0e1i8PJcRzxyut+kCkSLIG4Eg6hNuPvfLnd70+3/ALb/ALOtP+Ec37/Mf7d9j2483ecb9vGzbtxn5etcjRTuTY6681A6dpuqyaHMIFbUkVZbc42/I+djDkDPp2qymrXkviTR7VpsW97DCbqJQAlwXGGZx0Yn1NcRRRf9PysFv6+YrDDEe9fR37NPw/8ADOu6BN4m1ay+1atp+q7bZ2mYLDsSN1bYCATuY9c9B6V84V1fwvh8/wCKXh5f7Vj0ki9RxdyHhSpzt9MtjaM8ZbmkM+hPjENQ1/xBbtpSTXen2lvsxHyBKWbcQOp42cjjiuS+H88OjfETS7zVYXRImkAVo/mLGNlUAHvuK19D6v4b0rVi0UyLDPICxMeAXHGSR35xz19xXkOr6JD4c8T3Fro0cN9fRNGjykSSPbh13Fmj5AXZ90l13HcBnBVtIYmrGDpySt0t+upx1cvoyrRrwk73u0/0svzZn/ES4/tvXr631a2uNfDSt5NnagyQ2CqxWEz7fmiD5O5gM+jDlR86eILWKy8Tana2yLHDBeSxxorbgqq5AAOTngdcmvTPiELK207WtMsrt7YQtbmc3Fwss11LGBH5UpTIL9XOSBlDhTzI3kdZnYFFe2f8K+8Mf9Az/wAmJf8A4qj/AIV94Y/6Bn/kxL/8VXZ9Tqd0eT/a1Ds/w/zPE6K9s/4V94Y/6Bn/AJMS/wDxVH/CvvDH/QM/8mJf/iqPqdTug/tah2f4f5nidFe2f8K+8Mf9Az/yYl/+Ko/4V94Y/wCgZ/5MS/8AxVH1Op3Qf2tQ7P8AD/M8Tor2z/hX3hj/AKBn/kxL/wDFUf8ACvvDH/QM/wDJiX/4qj6nU7oP7Wodn+H+Z4nRXtn/AAr7wx/0DP8AyYl/+Ko/4V94Y/6Bn/kxL/8AFUfU6ndB/a1Ds/w/zPE6K9s/4V94Y/6Bn/kxL/8AFUf8K+8Mf9Az/wAmJf8A4qj6nU7oP7Wodn+H+Z4nRXtn/CvvDH/QM/8AJiX/AOKo/wCFfeGP+gZ/5MS//FUfU6ndB/a1Ds/w/wAzxOivbP8AhX3hj/oGf+TEv/xVH/CvvDH/AEDP/JiX/wCKo+p1O6D+1qHZ/h/meJ0V7Z/wr7wx/wBAz/yYl/8AiqP+FfeGP+gZ/wCTEv8A8VR9Tqd0H9rUOz/D/M8Tor2z/hX3hj/oGf8AkxL/APFUf8K+8Mf9Az/yYl/+Ko+p1O6D+1qHZ/h/meJ0V7Z/wr7wx/0DP/JiX/4qj/hX3hj/AKBn/kxL/wDFUfU6ndB/a1Ds/wAP8zxOivbP+FfeGP8AoGf+TEv/AMVR/wAK+8Mf9Az/AMmJf/iqPqdTug/tah2f4f5nidFe2f8ACvvDH/QM/wDJiX/4qj/hX3hj/oGf+TEv/wAVR9Tqd0H9rUOz/D/M8Tor2z/hX3hj/oGf+TEv/wAVR/wr7wx/0DP/ACYl/wDiqPqdTug/tah2f4f5nidFbX9n23/PL/x4/wCNH9n23/PL/wAeP+NcZ6xi0Vtf2fbf88v/AB4/40f2fbf88v8Ax4/40AYtFbX9n23/ADy/8eP+NH9n23/PL/x4/wCNAGLRW1/Z9t/zy/8AHj/jR/Z9t/zy/wDHj/jQBi0Vtf2fbf8APL/x4/40f2fbf88v/Hj/AI0AYtFbX9n23/PL/wAeP+NH9n23/PL/AMeP+NAGLRW1/Z9t/wA8v/Hj/jR/Z9t/zy/8eP8AjQBnXn/LD/ritVq3Xs4JNu9M7VCjk8Cmf2fbf88v/Hj/AI0AYtFbX9n23/PL/wAeP+NH9n23/PL/AMeP+NAGLRW1/Z9t/wA8v/Hj/jR/Z9t/zy/8eP8AjQBi0Vtf2fbf88v/AB4/40f2fbf88v8Ax4/40AYtFbX9n23/ADy/8eP+NH9n23/PL/x4/wCNAGLRW1/Z9t/zy/8AHj/jR/Z9t/zy/wDHj/jQBi0Vtf2fbf8APL/x4/40f2fbf88v/Hj/AI0AYtFbX9n23/PL/wAeP+NH9n23/PL/AMeP+NAGLRW1/Z9t/wA8v/Hj/jR/Z9t/zy/8eP8AjQBi0Vtf2fbf88v/AB4/40f2fbf88v8Ax4/40AYtFbX9n23/ADy/8eP+NH9n23/PL/x4/wCNAGLRW1/Z9t/zy/8AHj/jR/Z9t/zy/wDHj/jQBi0Vtf2fbf8APL/x4/40f2fbf88v/Hj/AI0AYtFbX9n23/PL/wAeP+NH9n23/PL/AMeP+NAGLRW1/Z9t/wA8v/Hj/jR/Z9t/zy/8eP8AjQBi0Vtf2fbf88v/AB4/40f2fbf88v8Ax4/40AYtFbX9n23/ADy/8eP+NH9n23/PL/x4/wCNAGLRW1/Z9t/zy/8AHj/jR/Z9t/zy/wDHj/jQBi0Vtf2fbf8APL/x4/40f2fbf88v/Hj/AI0AYtFbX9n23/PL/wAeP+NH9n23/PL/AMeP+NAGLRW1/Z9t/wA8v/Hj/jR/Z9t/zy/8eP8AjQBi0Vtf2fbf88v/AB4/40f2fbf88v8Ax4/40AYtFbX9n23/ADy/8eP+NH9n23/PL/x4/wCNAGLRW1/Z9t/zy/8AHj/jR/Z9t/zy/wDHj/jQBi0Vtf2fbf8APL/x4/40f2fbf88v/Hj/AI0AYtFbX9n23/PL/wAeP+NH9n23/PL/AMeP+NAGLRW1/Z9t/wA8v/Hj/jR/Z9t/zy/8eP8AjQBi0Vtf2fbf88v/AB4/40f2fbf88v8Ax4/40AYtFbX9n23/ADy/8eP+NH9n23/PL/x4/wCNAGLRW1/Z9t/zy/8AHj/jR/Z9t/zy/wDHj/jQBi0Vtf2fbf8APL/x4/40f2fbf88v/Hj/AI0AYtFbX9n23/PL/wAeP+NH9n23/PL/AMeP+NAGLRW1/Z9t/wA8v/Hj/jR/Z9t/zy/8eP8AjQBi0Vtf2fbf88v/AB4/40f2fbf88v8Ax4/40AYtFbX9n23/ADy/8eP+NH9n23/PL/x4/wCNAGLRW1/Z9t/zy/8AHj/jR/Z9t/zy/wDHj/jQBi0Vtf2fbf8APL/x4/40f2fbf88v/Hj/AI0AYtFbX9n23/PL/wAeP+NH9n23/PL/AMeP+NAGLRW1/Z9t/wA8v/Hj/jR/Z9t/zy/8eP8AjQBi0Vtf2fbf88v/AB4/40f2fbf88v8Ax4/40AYtFbX9n23/ADy/8eP+NH9n23/PL/x4/wCNAGLRW1/Z9t/zy/8AHj/jR/Z9t/zy/wDHj/jQBi0Vtf2fbf8APL/x4/40f2fbf88v/Hj/AI0AYtFbX9n23/PL/wAeP+NH9n23/PL/AMeP+NAGLRW1/Z9t/wA8v/Hj/jR/Z9t/zy/8eP8AjQBi0Vtf2fbf88v/AB4/40f2fbf88v8Ax4/40AYtFbX9n23/ADy/8eP+NH9n23/PL/x4/wCNAGLRW1/Z9t/zy/8AHj/jR/Z9t/zy/wDHj/jQBi0Vtf2fbf8APL/x4/40f2fbf88v/Hj/AI0AYtFbX9n23/PL/wAeP+NH9n23/PL/AMeP+NAGLRW1/Z9t/wA8v/Hj/jR/Z9t/zy/8eP8AjQBi0Vtf2fbf88v/AB4/40f2fbf88v8Ax4/40AYtFbX9n23/ADy/8eP+NH9n23/PL/x4/wCNAGLRW1/Z9t/zy/8AHj/jR/Z9t/zy/wDHj/jQBi0Vtf2fbf8APL/x4/40f2fbf88v/Hj/AI0AYtFbX9n23/PL/wAeP+NH9n23/PL/AMeP+NAGLRW1/Z9t/wA8v/Hj/jR/Z9t/zy/8eP8AjQBi0Vtf2fbf88v/AB4/40f2fbf88v8Ax4/40AYtFbX9n23/ADy/8eP+NH9n23/PL/x4/wCNAGLRW1/Z9t/zy/8AHj/jR/Z9t/zy/wDHj/jQBi0Vtf2fbf8APL/x4/40f2fbf88v/Hj/AI0AYtFbX9n23/PL/wAeP+NH9n23/PL/AMeP+NAElj4y1iDxdpXiDUL661G502aGSP7RcMSUjYEJuOcA4x+Jrp/iL8Vx46kvZLPR5NIfUGhN5i+80TCJSFUjYvAyCAc4IJ78cp/Z9t/zy/8AHj/jR/Z9t/zy/wDHj/jQBmXF9d3cMMV1cyzR267IlkcsIx6AHp0H5D0qCtr+z7b/AJ5f+PH/ABo/s+2/55f+PH/GgD3aiiivoD4QKKKKACiiigAooooAKKKKACiiigAooooAKKms7Oe/vIrWziMs8rbUQdzU+q6Pf6JdLb6pbmCVl3gFg2R65BI7Urq9ilGTjzJaFKiiimSFFFFABRRRQAUUUUAFFFFABRRRQB4lRRRXz592FFFFABRRRQAUUUUAFFFTWlnc393Ha2NvLc3Ep2xwwoXdz6ADk0AQ0VZv9OvdKvGtNTs7izuUwWhuImjdc9MqQDVagAooooAKKKKACiiigAooooAKKKKACiiigAooooAKKKKACiiigAooooAKKKKACiiigAooooAKKKKACir9loeralZz3enaXe3dtb8zTQW7ukXGfmYDA455qhQAUUUUAFFXtO0TVdYWZtJ0y8vlt1DTG2t2k8sHOC20HA4PX0NUaACiiigAooooAKKKKACiiigAooooAKKKKACiiigAooooAKKKKACiiigAooooAKKKKACiiigAooooAKKKKACiiigAooooAKKKKACiiigAooooAKKKKACiiigAooooAKKKKACiiigAooooAKKKKACir2paJquitEusaZeWDTLujF1btFvHqNwGRVGgAoore/4QnxEPCX/CTnS5P7Hzj7TvX125253Yz3xigDBoq9daJqthYW99faZeW1pcgGC4mt2SOXIyNrEYbjniqNABRRRQAUUUUAFFFFABRRRQAUUUUAFFFFABRRRQAUUUUAFFFFABRRRQAUUVfstD1bUrOe707S727trfmaaC3d0i4z8zAYHHPNAFCiiigAooooAKKKKACiiigAooooAKKKKACiiigD22iiivoD4QKKKKACiiigAooooAKKKKACvYb7Xbnw78ONKvbJIXkMMCYmBIwU9iPSvHq9hvtdufDvw40q9skheQwwJiYEjBT2I9K5sTqorzR6mXOzqO9vdZxOrePdU8Qac+mXkVjDDOyhpERwVwwOcljxx6VqR/DKDzY7efxHbJduu4QLGCT9MuCR74rLvvFt54wmsdM1cWtrbNdIWlhVgV6r3Yjoxrtn8IWGn6vZtYeH/tKqyu99JqLIYiD1K5+b16YrOT9mkl7t79v1LpwWIk5S99K291+CucGPD2o6D42stP+0/Z53lUw3Ua7hgnG7B/HINbGs+G7/VvHkGlaprRuJXtfMFwbYLtA3fLsBx26571teMAP+Fg+GzjneOf+BirFz/yWOz/AOvA/wDs9SqspRjLrZ/gVLDwhKdNbc0Fv0ZyGv8AgOLQNNmuLjW4GmXmG3KBXlGQOMt/IGuPro/H7s/jjUNzE7SgGT0GxeK5yumjzOCcne55+K9nGq4U42SbQUUUVscwUUUUAFFFFABRRRQAUUUUAeJUUUV8+fdhRRRQAUUUUAFa/hPT7PVfF+lWGpyeVaXF1HHM2cfKW5Ge2en41kVoaFpTa5r9lpaTxW7XcyxCWZgqpk9Tn+XfpQB9L+N/FHiv4fXMFh4L8E282hQxrmaKB5AeORiMjZj1YHNeZaR4wg8afHbw3qMGi2+kOsqpMkIBMkmGyzEAZ7DkZ4rsNO8P/G/wpexWemahbaxp6thXuZ0dAvbdvxIPopOK0PGw01fjb4F2pbrrZcm++z46bfl3d+u7Ge1AFf4g/CG28U+PbjUtT8W2OjPfFI7S2kjDyTbVA4Bdecg8DNeW6l8JdR0f4l6d4T1G9RI9Rf8A0e+ji3Ky887MjkY5Gfxqz8d7iU/F6+PmNmKOERnP3BtB49OSTXpnxL1K30v4lfDjUL+QJEm7zJGOMA7Bkn05oA8N8d+E/wDhCfF1zof237b5CofP8ry925Qfu5OOvrXQ+MPhR/winibw7pH9s/a/7bdE837L5fk7nVem87vvZ6jpXoHxN+D3iHxd8SxqmliBtMvEj824aZV8kAYOR1PAyMZ/Cp/jGoT4pfD1VbcBcRAMO/76OgDlvEXwFg8Made3ureMrK3jijLWyzQCNrlgudoBk4OeOMn2qroXwLlufDkGseLPEln4aiucGGO6QFiD03bnQAn05NSftAXbR/Fy3MxaWG3tYGERPGNxJAHvXX/FPwfqvxT0/QvEHgh4dQsxb7PI85YyhJBz8xA46EZBGOhoA8v+IPwq1XwH9nuPtEep6bdMFhu4FxljyFK5OM9sEg10mmfARxotrfeLvFVj4dlu8eVbzorNk9FJZ1G72Ga6rxI8Pw3+D/h/w74kuorvUl1CG4MMbb9kaTCRgM84A+XPvTfi18Ptc+I2raZ4j8Hywanp81qkap9oVPL5J3jccEHPOOeOlAHl/jr4Wa14I1S0t3ZdQtr5xHaXMC4ErHopXs3PTJz612EP7Pi2tjanxJ4y0/R766GI7SSMNlv7oZpF3H6A11viTVLH4f8AhfwN4e8QXUV1qFlewTT7G3eTGuctzzgZwOmcGs74tfCvxL418Zwa34cNvf2F1BGisbhV8kAHnnqpzn5cnnpQBwXxC+EVx8PvDdjqd3q0d3LdXHkNBHBtCfKxyG3HI+X0HWvOa+g/jjp02j/B7wtpt1ci7ntJ0hkmBJ3ssLAnn3FfPlABRRRQAUUUUAFFFFABRRRQAUUUUAFFFFABRRRQAVY0/wD5Cdr/ANdk/mKr1Y0//kJ2v/XZP5igD6d+LnxS1v4e3WkW+i2thOl3bs8hu43YgqQBja6+tY/h3xHoXx30+90PxJo9vY61DCZYLqDk46blJ5GCRlSSCDU3xw8AeJvGV9ok3hvTftsdtbOkp8+OPaSQR99hnp2qt8OfAh+EdrqHi/x1eW9rItuYobeOTcQDgkZHBYkAADP1oAZ8FdDuW8FeNtBBQXX2h7TLHCh9hXP0zWBL+z0Lmwuz4f8AGWn6rqFoP3lpHEBtbH3SwkYqfTKitv4U6pLf+AviFqqZiluZprgbTypZGb+tct+zjI6/E2ZFdgj6fLuUHg4ZMUAYXhH4YSeKPC+v6tNqZsJNF3B7Y228yFVLEbtw29MdDVD4b+Bf+Fg+J5NH/tH+z9ls1x53kebnayjGNy/3uue1ev8Awua31S5+I3htJkivLq8uDGrHGVJdMgegOM/WpPgt8K9f8G+KrzVfEaQ2wNu1tBGkyuZcsCW46D5e/PtQBlfALTHt7/x1pUTiR40S2VyNoYgzKDjnFZw/Z3W5huYdM8a6fearbJmSySIfI391mDkr9StbPwZdo/EHxIeMlWVyVI7HfNXEfAKaQ/Fy2JdiZLebeSeW+XPP4igDO8AfC658ba7q2k3F/wD2Xc6Yv7xWg83LhipX7wxyOvNN8f8Aw4t/AlhaeZ4lstR1KWTZcWEAAa3+XOT8xJGeOVFeufDb5Pjd4/2cYJIx/vmvnTVJHm1i8klYu7zuzMTySWOTQBUooooAKKKKACiiigAooooAKKKKACiiigAooooAKKKKACiiigAooooAK+pfh9Bpvw68G+HdF1mNRf8AieZjMrY4LISA3sBsX6tXiHwk8Jnxd8QrG2ljLWdqftNyccbVPA/E4H0zXrnj/U/hZ4h8WRT694y1KzvtJPkxxWMTGOJ1bJIPkNk5A744oA8a8a+C7rw/8SLnw5axFzNcKLIdN6SH5P54/Cu7/wCGf7K0Nva65490zT9UmXIsmjUkn0XdIpb67a7H4k6UPGmneGvGngG6S7urW7jijuMFQylwAXBAI2uOQQOCa2ZdC1bxHq0Fr48+HWjX4ZRHNrNneqNoHorASY9gaAPF/DXwek8ReNNd8OjXYY30gA/aIYDKsxJ6DLLjHQ9ec1n+P/hxb+BLC08zxLZajqUsmy4sIAA1v8ucn5iSM8cqK9i+HWhaP4Y+L3izTfDkpa0hsojtL7/Kckkpnvj35r5u1SR5tYvJJWLu87szE8kljk0AVKKKKACiiigAooooAKKKKACiiigAooooAKKKKACiiigAooooAK+n/hdoVh4m/Z7g0fVdohu5J41Y/wAL+a20j3BwRXzBXvWm3txpv7JqXtlK0Vxb3qyRup5Vhdgg0AeW2vgLVrj4ijwe0RW9W58qRscKg5Mn028/lXt/xo0yw0X4H2mmaRt+yWd1FCuDnJXcGyfXIOfeobz4o+F08Gv44tDaDxfcWQsfswkUyRvn7xXrtB5z3AArJ8Uy/a/2Y9BmvpXJmu42mlPLHLuWb3PU0AYWl/A7T7jTLGfWPH2kafcX0ayQwKFk3hhkYLSKSfoK5fxh8Lda8J+LbLQ1Kag2okCylhGPO5wQQfukZ55IxzmvbdY8Evp9hpEPw68D+FdXs5YgZr3VYUlYZHDEkgkHrkFvpSfFHWrPw34s8A6zqCx+RazSCVoFyqKyKpK/7IznHoKAOGP7PkFnDbw65450zTtSuF+SzeMHc3opaRS31C1zHxE+E8/w80TTr271VLyW8kMbwpBtEZC54bcdw/AV6P44+Ds3j7xQ/inQ/Etg+m3yq7vM5YRKFA+QrkEcZwSvU1X+P8EVt8O/CkFtdfbIYn2JcZz5oEeA2ffrQB0vxU+HcHjOXSL3UvEVnoNlZ23lma5UHe7EEAZZR29a8W+I/wAKr74fxWl4L+LU9Nuztjuo02YfGcFcnqOQQT0Ndp+0nNJ9q8Mw728r7LI+zPGcqM1L4sYyfsq+H2kO4rLEAT2ALgfpQBVuP2eI7G2jvdT8Z2djYNCHa4ubYRhWPReZAPxyPpWbc6V4gh/Z8lvk8WPLokd0YV0wWiYYCfaCJs7sZ+bHTtWz+0dNL9n8KQeY3lG2kcpngthBnHrio/8Am0D/ALfP/bmgDq9V8Ef8Jv8ABjwZBPq1vpFpZ2cU893cDIQeSAOCQO/civNPGPwVuvDvhn/hIdD1u28QaYg3Sy26BSq/3hhmDD1OeK9H8Q+C9W8b/AbwnZaDLH9pt7SCc20kmzz1EQGATxkEjrxVTRNAvPhf8DvEaeMJIY5dQRxDZeaHwzJtC5GQST1xkYFAHzpRRRQAUUUUAFFFFABRRRQAUUUUAFFFFABRRRQAUUUUAFFFFAFjT/8AkJ2v/XZP5ivePjzol54j8ZeEdI0xFe6u4JI4wxwByCST6AAn8K8H0/8A5Cdr/wBdk/mK+kPihHrUnxX8D/8ACMG3XU1glMLXOfKHTO7HOMZHHPNAHJN+z9p0V0NPn+IOmR6rtybIwruz9DLux77a3fgtoksngvxtodtcQzStO9qkyk+Wx2Fd2SM4/Cuq/wCEWl8WaxJB48+G+mRCRP3usWl8hLsBxwAsn5msDwLZWWg+G/iTaeH7ppbS0mkW3mD7iMRHuOuDkZ9qAOUl/Z6FzYXZ8P8AjLT9V1C0H7y0jiA2tj7pYSMVPplRXG+BPhw/jG61Bb3WrPRYdO4uWuTl1OSPu5AxkEEkiuk/ZxkdfibMiuwR9Pl3KDwcMmK6n4deF9F1i/8AHN62lafq+uW2pTpa2d/gxBdxKkqcgZbIzjtQByev/A42XhS517wv4osvEVvaqXmW3jA+UddpV3BI9OK8or648L6drFl4J15fEfh3w/oM01vIUtdHhVNyhCMybWYH2wa+R6ACiiigAooooAKKKKACiiigAooooA9tooor6A+ECiiigAooooAKKKKACiiigAq1Nqd/cWiWs97cy26Y2QvKxRccDCk4GKq0UWuNNrYKunW9VNv9nOp3hhxjy/tDbcemM4qlRSsnuCbWx23hjU9EkeHUfFWsXkl/azboFkaSQBcDHY9+eo6VmeKfFD6p4obUdKlmtljjEMUiOUcqM5PHIzk1zlFZ+yjzcxu8RN0/Z/j1ZJcXE11O011NJNK/3pJGLM31JqOiitTnbbd2FFFFABRRRQAUUUUAFFFFABRRRQB4lRRRXz592FFFFABRRRQAUUUUAbVt4y8UWdstvZ+JNXggQYWKK+lVVHoAGxWfHqd/DqQ1CK9uEvVfeLlZWEgb13Zzn3qrRQBZv9RvdVvGu9TvLi8uXwGmuJWkdsdMsSTUupa3qus+T/a+p3l/5ClYvtVw8vlg9l3E4HA6elUaKANdPFniKPT/ALAmv6otns2fZheSCPb6bc4x7VBda/rF9c21xe6tfXM1oQbeWa5d2hwcjYScryAePSs+igC3qOqahrF19q1a+ub642hfOuZmkfA6DLEnFT6Z4i1rRUdNG1i/09XOXW0uniDH32kZrNooAsXt/d6ldNc6jdT3dw/3pZ5C7t9Seauab4m17RoDDpGt6jYRMcmO1u5IlJ9cKRWXRQBNdXdxfXT3N7PLcTyHLyzOXZj7k8mtCy8V+IdNsxaadr2p2lsM4hgvJETn/ZBxWTRQB6r488aaHrnwc8K6LYagbjVLExm7iMUgKERMD8zKAeT2JryqiigAooooAKKKKACiiigAooooAKKKKACiiigAooooAKVWZGDISrKcgg4INJRQB0A8e+MAAB4r1wAdB/aM3/xVZmpa1qmsyLJrGpXl+6DCtdTtKV+hYmqVFAF+y1zVtNs57TTtUvbS2uOJoYLh0SXjHzKDg8cc1Hpuq6jo919p0i/urC4KlPNtZmifaeoypBxwKqUUAWodTv7fUf7Qt724ivS5c3KSssm49TuBzk561ov4z8USXKXD+JNXaeNSqSm/lLKD1AO7IBwKxKKANCy1/WNOe5fT9WvrRrv/AI+GguXQzdfv4PzdT19TUGn6lfaTdrdaXe3FlcKCFmtpWjcA9fmUg1WooA07bxLrtnfXF7Z61qEF1df6+eK6dXm/3mBy341mszOxZyWZjkknJJpKKACiiigAooooAKKKKACiiigAooooAKKKKACiiigAooooAKKKKACiiigC9pmuatorSNo2p3mntKAshtLh4i4HQHaRmqTMzuXdizMclickmkooA0LfX9YtNLk0211a+hsJc+Zax3LrE+euUBwc/Sra+NfFKW4t08S6wsIXaIhfyhcemN2MViUUAX9O1zVtImll0nVL2xkmGJXtrh4y49CVIz+NUWZnYs5LMxySTkk0lFABRRRQAUUUUAFFFFABRRRQAUUUUAFFFFABRRRQAUUUUAFFFFABV7+3NWGjnSRqd5/ZpO42X2h/JzndnZnb156dao0UAFX5dc1afSY9Ln1S9k0+I5jtHuHMSH2QnA6+lUKKANa18VeILGw+w2Wu6nbWmCPs8N5IkeD1G0HFLHr1ze32nr4kvL/UtOtJFzbyXLNtjBGVTcSF4GKyKKAPbZYvgLq11FqMl7qGlk/NJp6RTBCfQ4Rsf8BYVzvxf+I2n+MrjT9N8OwvFo+mKREXXb5jYAyF6gADAzzya80ooAvalreq600Taxqd5ftCu2M3Vw0uweg3E4FLLrmrT6THpc+qXsmnxHMdo9w5iQ+yE4HX0qhRQBe1LW9V1nyf7X1O8v8AyFKxfarh5fLB7LuJwOB09KP7b1X+x/7J/tO8/s3du+x/aH8nOc52Z25zz061RooA1ovFXiGBLZINe1ONbVdtuqXkgEIxjC4PyjHHFV9T1zVtadH1nU7zUGQYRrq4eUr9NxOKo0UAFFFFABRRRQAUUUUAFFFFABRRRQAUUUUAFFFFABRRRQAUUUUAKrMjBkJVlOQQcEGr+oa9rGrTQzarqt9ey2/+pe5uXkaPv8pYnHTtWfRQBty+NPFNxatbT+JNXlgZdrRPfylSPQgtjFU7LXNW02zntNO1S9tLa44mhguHRJeMfMoODxxzVCigC3puq6jo919p0i/urC4KlPNtZmifaeoypBxwKdaazqlhqL39jqV3bXkhJe5hnZJGJOTlgcnJ61SooA2G8X+JXlmlfxDqrSToI5XN7ITIozhWO7kcng+prHoooAKKKKACiiigAooooAKKKKACiiigD22iuI/4WL/1C/8AyY/+xo/4WL/1C/8AyY/+xr2PrNLufJf2div5fxX+Z29FcR/wsX/qF/8Akx/9jR/wsX/qF/8Akx/9jR9Zpdw/s7Ffy/iv8zt6K4j/AIWL/wBQv/yY/wDsaP8AhYv/AFC//Jj/AOxo+s0u4f2div5fxX+Z29FcR/wsX/qF/wDkx/8AY0f8LF/6hf8A5Mf/AGNH1ml3D+zsV/L+K/zO3oriP+Fi/wDUL/8AJj/7Gj/hYv8A1C//ACY/+xo+s0u4f2div5fxX+Z29FcR/wALF/6hf/kx/wDY0f8ACxf+oX/5Mf8A2NH1ml3D+zsV/L+K/wAzt6K4j/hYv/UL/wDJj/7Gj/hYv/UL/wDJj/7Gj6zS7h/Z2K/l/Ff5nb0VxH/Cxf8AqF/+TH/2NH/Cxf8AqF/+TH/2NH1ml3D+zsV/L+K/zO3oriP+Fi/9Qv8A8mP/ALGj/hYv/UL/APJj/wCxo+s0u4f2div5fxX+Z29FcR/wsX/qF/8Akx/9jR/wsX/qF/8Akx/9jR9Zpdw/s7Ffy/iv8zt6K4j/AIWL/wBQv/yY/wDsaP8AhYv/AFC//Jj/AOxo+s0u4f2div5fxX+Z29FcR/wsX/qF/wDkx/8AY0f8LF/6hf8A5Mf/AGNH1ml3D+zsV/L+K/zO3oriP+Fi/wDUL/8AJj/7Gj/hYv8A1C//ACY/+xo+s0u4f2div5fxX+Z29FcR/wALF/6hf/kx/wDY0f8ACxf+oX/5Mf8A2NH1ml3D+zsV/L+K/wAziaKzf7X/AOmP/j//ANaj+1/+mP8A4/8A/Wrxz600qKzf7X/6Y/8Aj/8A9aj+1/8Apj/4/wD/AFqANKis3+1/+mP/AI//APWo/tf/AKY/+P8A/wBagDSorN/tf/pj/wCP/wD1qP7X/wCmP/j/AP8AWoA0qKzf7X/6Y/8Aj/8A9aj+1/8Apj/4/wD/AFqANKis3+1/+mP/AI//APWo/tf/AKY/+P8A/wBagDSorN/tf/pj/wCP/wD1qP7X/wCmP/j/AP8AWoA0qKzf7X/6Y/8Aj/8A9aj+1/8Apj/4/wD/AFqANKis3+1/+mP/AI//APWo/tf/AKY/+P8A/wBagDSorN/tf/pj/wCP/wD1qP7X/wCmP/j/AP8AWoA0qKzf7X/6Y/8Aj/8A9aj+1/8Apj/4/wD/AFqANKis3+1/+mP/AI//APWo/tf/AKY/+P8A/wBagDSorN/tf/pj/wCP/wD1qP7X/wCmP/j/AP8AWoA0qKzf7X/6Y/8Aj/8A9aj+1/8Apj/4/wD/AFqANKis3+1/+mP/AI//APWo/tf/AKY/+P8A/wBagDSorN/tf/pj/wCP/wD1qP7X/wCmP/j/AP8AWoA0qKzf7X/6Y/8Aj/8A9aj+1/8Apj/4/wD/AFqANKis3+1/+mP/AI//APWo/tf/AKY/+P8A/wBagDSorN/tf/pj/wCP/wD1qP7X/wCmP/j/AP8AWoA0qKzf7X/6Y/8Aj/8A9aj+1/8Apj/4/wD/AFqANKis3+1/+mP/AI//APWo/tf/AKY/+P8A/wBagDSorN/tf/pj/wCP/wD1qP7X/wCmP/j/AP8AWoA0qKzf7X/6Y/8Aj/8A9aj+1/8Apj/4/wD/AFqANKis3+1/+mP/AI//APWo/tf/AKY/+P8A/wBagDSorN/tf/pj/wCP/wD1qP7X/wCmP/j/AP8AWoA0qKzf7X/6Y/8Aj/8A9aj+1/8Apj/4/wD/AFqANKis3+1/+mP/AI//APWo/tf/AKY/+P8A/wBagDSorN/tf/pj/wCP/wD1qP7X/wCmP/j/AP8AWoA0qKzf7X/6Y/8Aj/8A9aj+1/8Apj/4/wD/AFqANKis3+1/+mP/AI//APWo/tf/AKY/+P8A/wBagDSorN/tf/pj/wCP/wD1qP7X/wCmP/j/AP8AWoA0qKzf7X/6Y/8Aj/8A9aj+1/8Apj/4/wD/AFqANKis3+1/+mP/AI//APWo/tf/AKY/+P8A/wBagDSorN/tf/pj/wCP/wD1qP7X/wCmP/j/AP8AWoA0qKzf7X/6Y/8Aj/8A9aj+1/8Apj/4/wD/AFqANKis3+1/+mP/AI//APWo/tf/AKY/+P8A/wBagDSorN/tf/pj/wCP/wD1qP7X/wCmP/j/AP8AWoA0qKzf7X/6Y/8Aj/8A9aj+1/8Apj/4/wD/AFqANKis3+1/+mP/AI//APWo/tf/AKY/+P8A/wBagDSorN/tf/pj/wCP/wD1qP7X/wCmP/j/AP8AWoA0qKzf7X/6Y/8Aj/8A9aj+1/8Apj/4/wD/AFqANKis3+1/+mP/AI//APWo/tf/AKY/+P8A/wBagDSorN/tf/pj/wCP/wD1qP7X/wCmP/j/AP8AWoA0qKzf7X/6Y/8Aj/8A9aj+1/8Apj/4/wD/AFqANKis3+1/+mP/AI//APWo/tf/AKY/+P8A/wBagDSorN/tf/pj/wCP/wD1qP7X/wCmP/j/AP8AWoA0qKzf7X/6Y/8Aj/8A9aj+1/8Apj/4/wD/AFqANKis3+1/+mP/AI//APWo/tf/AKY/+P8A/wBagDSorN/tf/pj/wCP/wD1qP7X/wCmP/j/AP8AWoA0qKzf7X/6Y/8Aj/8A9aj+1/8Apj/4/wD/AFqANKis3+1/+mP/AI//APWo/tf/AKY/+P8A/wBagDSorN/tf/pj/wCP/wD1qP7X/wCmP/j/AP8AWoA0qKzf7X/6Y/8Aj/8A9aj+1/8Apj/4/wD/AFqANKis3+1/+mP/AI//APWo/tf/AKY/+P8A/wBagDSorN/tf/pj/wCP/wD1qP7X/wCmP/j/AP8AWoA0qKzf7X/6Y/8Aj/8A9aj+1/8Apj/4/wD/AFqANKis3+1/+mP/AI//APWo/tf/AKY/+P8A/wBagDSorN/tf/pj/wCP/wD1qP7X/wCmP/j/AP8AWoA0qKzf7X/6Y/8Aj/8A9aj+1/8Apj/4/wD/AFqANKis3+1/+mP/AI//APWo/tf/AKY/+P8A/wBagDSorN/tf/pj/wCP/wD1qP7X/wCmP/j/AP8AWoA0qKzf7X/6Y/8Aj/8A9aj+1/8Apj/4/wD/AFqANKis3+1/+mP/AI//APWo/tf/AKY/+P8A/wBagDSorN/tf/pj/wCP/wD1qP7X/wCmP/j/AP8AWoA0qKzf7X/6Y/8Aj/8A9aj+1/8Apj/4/wD/AFqANKis3+1/+mP/AI//APWo/tf/AKY/+P8A/wBagDSorN/tf/pj/wCP/wD1qP7X/wCmP/j/AP8AWoA0qKzf7X/6Y/8Aj/8A9aj+1/8Apj/4/wD/AFqANKis3+1/+mP/AI//APWo/tf/AKY/+P8A/wBagDSorN/tf/pj/wCP/wD1qP7X/wCmP/j/AP8AWoA0qKzf7X/6Y/8Aj/8A9aj+1/8Apj/4/wD/AFqANKiiigAooooAKKKKACiiigAoorY0DQG1tpi1wLaKLaPMZd2WJwB1FVGEpu0SKlSNOPNN2Rj0VJcQSWtzJBMNskbFWHuKjqSk7q6Citax0qC58O6hfyNIJbZlCBSNpyR14outKgg8L2epI0hmnlZGUkbQBnpxnt61p7OSV/K5l7aF+Xzt87XMmiiiszYKKKKACiiigAooooAKKKKACiiigAooooA5yiiigAooooAKKKKACiiigAooooAKKKKACiiigAooooAKKKKACiiigAooooAKKKKACiiigAooooAKKKKACiiigAooooAKKKKACiiigAooooAKKKKACiiigAooooAKKKKACiiigAooooAKKKKACiiigAooooAKKKKACiiigAooooAKKKKACiiigAooooAKKKKACiiigAooooAKKKKACiiigAooooAKKKKACiiigAooooAKKKKACiiigAooooAKKKKACiiigAooooAKKKKACiiigAooooAKKKKACiiigAooooAKKKKACiiigAooooAKKKKACiiigAooooAKKKKACiiigAooooAKKKKACiiigAooooAKKKKACiiigAooooA6OiiigAooooAKKKKACiiigArrL+x1Cw0GwsLC0uXkY/aZ3iiY4f8AhXIHb+grC0U2a6xA+pS+XbxtvY7S2cdBgA96mvvEOo3N9NNFfXUUbuSkaTMoUdhgH0reDjGF3uzkrRnOolFaLXXby/r0L3iu0kf7JqzQPCbqMLMjoVKyAYPB9R/KrWpXz+Fre0sdJVIp5IRLPcFAzMT257cGqNnrCXmjX1hrV3IxYCS3klLOVcds8kZ/xqWS+0rXbG3GqXL2N5boI/OERkWRR04HOf8AGtbrVwdm/wCmc3JJKMKkbxi35+nrbYvLqh1XwVqkk0Ua3KlBJIi7fM+YYJ9+tImpNpngOwmhijecyusbyKG8vlssAe/+NV31DRrTwzfaZYTSSSybT5roR5rZGcDsAB3qjeahbS+D7CyjlzcQzMzptPAJbvjHcU5Ttdp62X5kRo82nK7c9/ly/l/wxoW99J4j0HUl1QJLPaRedFOECsOuRx9Kh0KTXjp2zQrONQGO652IGb2y3BxVPQ7+2s7DVY7mTY9xbFIhtJ3Nzxx0/GrUN7puo+HbbT76+ksJLVmOREXSQE56DvSUk7Svrbvbr39C5wcOaKj7t10bS07LfUu+I7O6k8Nw3ur28cOoRzeWzptzIhBwTt4p19qj6T4Y0Z7SOMXUkRCzMgYxqMZxnuciqF9faUnhU6bp88kki3AfMiEb+OWHoO2OvFVtZ1C2u9E0iC3l3y20bLKu0jaTt9Rz0PSiU0uZxeuhNOlKXJGcdOZ9LaW007F+W7bX/Cd5c36o15ZOm2ZVCllJxg4/H9K5atnTr+2g8NapayybZ7gx+Wu0ndg889BWNWFVptPyO3Dx5HONrK+n3Lb5hRRRWR0hRRRQAUUUUAFFFFAHOUUUUAFFFFABRRRQAUUUUAFFFFABRRRQAUUUUAFFFFABRRRQAUUUUAFFFFABRRRQAUUUUAFFFFABRRRQAUUUUAFFFFABRRRQAUUUUAFFFFABRRRQAUUUUAFFFFABRRRQAUUUUAFFFFABRRRQAUUUUAFFFFABRRRQAUUUUAFFFFABRRRQAUUUUAFFFFABRRRQAUUUUAFFFFABRRRQAUUUUAFFFFABRRRQAUUUUAFFFFABRRRQAUUUUAFFFFABRRRQAUUUUAFFFFABRRRQAUUUUAFFFFABRRRQAUUUUAFFFFABRRRQAUUUUAFFFFABRRRQAUUUUAFFFFABRRRQAUUUUAFFFFABRRRQAUUUUAFFFFABRRRQAUUUUAFFFFAHR0UUUAFFFFABRRRQAUUUUAFFFdB4U0A6vfedcKfskJy/+2f7v+NXTg6kuVGVWrGlBzlsipB4Z1e5s1uorT9yy7g7SIvHryRxWVXbeNdeCKdIsmwAB57L2HZB/X8vWuNt4TcXUUKkAyOEBPbJxV1IxU+WGpjhqtSpT9pUVu3oR0V2Gu+DbbTNFe8t7mVpIsbxJjDZIHGBx1965vStNm1bUI7W3HLcs2OEXuTSlSnGfJ1Lp4mlUpupF6Ifp+h6jqsbvYWxlRDhm3Koz6ckVWurWayunt7lQssZwyhg2D9RxXoes6hb+FNBjtLAATsu2Id/dz/nrXm7MzsWclmY5JJySaqtCFN8qevUywtepXvNq0encSr2naNf6rv+wW5lEf3juCgfiSKisLGfUr6O1tl3SSHHsB3J9q9Cvrm18HeHUhtgGnYERg9Xfux9h/gKdKkpRc56JBisS6bVOmryZ55e2U+n3TW92gSVQNyhw2PyJqvT5ZXmmeWVi7uSzMepJplc52Rvb3twooooGFFFFABRRRQAUUUUAc5RRRQAUUUUAFFFFABRRRQAUUUUAKqs7hEUszHAUDJJrvdN+B/xH1WzS6tPC9wsTjK/aJooGx/uyOrD8q9C/Z68LaXpnh/V/iN4hgWSPTA4tN4yE2Ll3HvztB7c1wXiv44eOfE2pyzxa3d6TaliYbXT5jCI17AsuGY+5P5UAYHin4eeK/BSRyeJtFnsYpDtSUlZIyfTehK59s5rm66TxB488UeMbKy0/wARaxLfw2rkwCbaCC2BlmwCfqSeprsfiR8Drr4eeD7PXZNchv8Az5EilgWDy/LLKT8rbjvHHoKAPPdA8Naz4p1IWHh7TbjULkjJSFM7R6seij3JArrb74F/EjTrJ7q58LzmKNdzCG4hmbHsiOWP4CvZNWv1+AvwJ02LRIY11/V9vmXDICRIy7mc56hR8oH0968g8MfHDxvoPiKPULzXbzU7ZpQbm0u5DIkidwoP3DjptxzQBxWkaDqWva9Boul2rTajcSGOOBmWMlhnIJYgDoepruG/Z++JqqWbwzgAZP8Ap9t/8crvP2iNEh0u60L4h+FpZNPn1AhZJrVjG5cpuSQMpBDFdwJ74rX/AGZ/Euu+IH8Urr2tajqYhhgMQvbp5vLz5mcbicZwOnpQB8zSxtDM8Ugw6MVYZ6EU2rOpf8ha7/67v/6EarUAFFFFABRRRQAUUUUAFFFFABRRRQAUUUUAFFFFABRRRQAUUUUAdT4T+G3izxza3Fz4W0r7dFbOI5W+0xR7WIyBh2GePSp/E/wo8aeDdI/tPxJo32Kz8wR+b9qhk+Y9BhHJ7elYek+KNf0CKSLQtc1LTI5W3SJZ3ckIc+pCkZNfQvxRu7m//ZT8N3d9cS3NzMto8s0zl3dihySx5J9zQB4N4Z8B+KPGTsPDWi3N+qHDSqAsan0LsQoPtmuhvfgT8SdPtHubjwvM0aDLCG4hlbHsqOWP4CrsHx68V6f4CsPDWi/ZtM+yLsN7bRASSJ2GMYU9csOT7d9D4SfFLxu3xJ0nT7nXL7VLW/uRFPb3kzTAqepUtkrjrxgcUAeRyRvDK0cqMkiMVZGGCpHUEdjWx4W8I65411ZtM8M2X228SIzNH5qR4QEAnLsB1Yd+9ev/ABu8HWuvftBaZo2kSw2l3rEERuHK/KrEsN5x1JVenfA9a5H4h+BdZ+CXiCx/sfxPcNJf27lbqyL2kgAYblIVycZ2nrzj2oAo6t8EfiFoekXWqap4f8iztImlnl+227bEAyThZCT+Aqv4d+EHjnxZocOseH9D+12E5YRzfa4E3FWKnhnB6g9q9r8Gaxqet/sp+KbvWtRu9QufJu1867naV8BBgbmJOK8F8L+MPE2mXmnafpviLVrOyFygFtb30kcY3Pk/KGxySc/WgCPxb4C8S+BZrWLxVpv2B7tWaEefHLvC4z9xjjqOtc7X0N+1lzqXhbP/AD73H846+eaACiiigAooooAKKKKACiiigAooooAKKKKACiiigAooooAKKKKAOq8J/DTxb44sp7vwtpP26C3k8qV/tMUe1sZxh2BPHpUvij4V+M/BelLqXiXRvsVo0giEn2qGTLHOBhHJ7HtWLpPinxBoEMkOha7qWmRSNudLO8khVzjGSFIya+gfi3dXF9+y94Tur2eW4uJltHlmmcu8jGIkkseST6mgDxDwl8OPFXjmG5m8LaV9ujtWCzH7RFFtJGR99hn8K6L/AIZ8+J3/AELP/k/bf/HK9H+Bk8uhfAHxprSM8UiNM8bocMNkAwQexyTXif8Awsfxv/0OXiD/AMGk/wD8VQBT8T+FNa8G6x/ZXiSz+x3vlrL5XmpJ8p6HKEjt61kxxvNKscSM8jsFVFGSxPQAdzXVeGdK1f4p+P7DStS1ueW7vMob2+ladkRVLY+Y5PQ4Ga6zWdHv/wBnj4o6fc21xZ64fs/mqZoPLypJVhjLFG44YH+ooAxtP+BnxI1OzS5tvC9wsbjKi4nigb8VkcMPxFYXijwD4p8FtH/wk2jXFikhwkp2vGx9N6krn2zW74j+NnjzxDqj3Q8QXmmw790VtYSmFIx2XK4Lf8CzXtvw/wBfvviN+z74i/4TtxdJbCaJLuVAC6rGHDZxjKk9fb1oA8R0v4H/ABD1rSbXU9M8PedZ3kSzQSfbbdd6MMg4MgI4PcVzXijwlrfgzVxpfiWy+xXhiEoi81JPkJIByhI7HvXYfCfxj4mPxF8M6UfEWrHThdRwizN9L5OwcBNm7G3HbGK2v2oP+SuR/wDYMh/9CegDxyiiigAooooAKKKKACiiigAooooAKKKKACiiigAooooAKKKKAN/wn4G8ReObq4tvC2nfbpbZA8q+fHHtUnAOXYZ/CtrXPgx4+8N6LcatrWg/ZrG1XdNL9sgfaM46K5J69hXLaTr+saBLJLoWrX2mSSqFkezuXhLj0JUjIr6OstU1DWP2OdRvNXvrm/unWYNPdTNK7AT4GWYk8CgD5osbC71O9is9OtZru5mO2OGBC7ufQAcmu+h+AXxMnhWVPDDhWGQHvLdG/IyAivQv2U7fTmuvEVyEjfWIooxAH6iM5zj6sBnHtXB+KPiB8V4fF7x6rqmtadfCVhHZQF4o+vRUXAcehIOaAOM8R+Ete8I3otPEmlXOnytynmr8r/7rDhvwJrHr6r8WT6jrf7LEt78S7dYNYVd8BmjEchcPiNtv8LEdRgcE8CvKvDvwLuvEHwnm8aJrsEBSKWaOyMO4MsZIOZN3yk7Txg0AZtt8BfiTeWsVzb+G98UyB0b7dbDKkZBwZK5DxJ4Z1fwjrUmk+IbT7JfRqrNF5iSYBGRyhI/WvRPgt4z8UX3xa8O6de+JNXuLFpGRrWW+leIqImwChbGBgcY7V1PjrRrLxB+11YaZqiCS0mMBkRujhYy20+xKgfjQB5f4e+EnjrxVpy3+h+Hbia1flJpZI4Vceq+Yy7h7jIqv4n+GXjLwbai58R6DcWlsTgzqyyxqewLISB+Jr1v9oP4k+KtD8aL4b0HUJ9H06C1jcfYz5Tyls87xyAMYAGOhq7+z94/8ReM9W1Hwr4slfW9MayaQy3a72TkLsZsfMGDH7xzxQB820V1HxJ8MR+DviLq+iW4b7PbzZg3f882AZee+AcfhXL0AFFFFABRRRQAUUUUAFFFFABRRRQAUUUUAFFFFABRRRQB03hL4d+KfHSXL+FtL+3LalRMftEUW0nOPvsM9D0q74l+Efjfwhor6t4i0T7HYxuqNL9rgkwWOAMI5PX2rn9J8S67oCyDQta1DTBMQZBZ3Tw78dM7SM19E+Or261L9kDTLvUbma7uZhbNJNPIXdz5nUseSaAPnbQfDmseKNSWw8P6dcahckZ2QpnaPVj0Ue5wK7Gf4CfEu3t2mk8LyFVGSI7uB2/BVck/lXrfhG6f4dfsry+JfDNvHJqt0PMln2BipaXZk+oQdjx+teM6d8ZviBp+tDUV8T39y5cM8FzIZIX9vLPygH/ZAoA4u6tLixupLW+t5ba4ibbJDMhR0PoQeQaZFG00yRRjLuwVRnqTX0r+0d4Xg1XwPpHjhLNbXUQIo7wAYLI65APqVbj6E15/45+Bt74E8AWniptehundovMt0hKeWXGQVfcd2DjsPWgCgv7P3xNZQy+GcgjI/0+2/+OUv/DPnxO/6Fn/yftv/AI5WFp3jb4hapqFvp+meKvEdxc3DiOGGPU5yWY9APmr6A17xXf8AwS+FsVpq2u3WueMdUG5ftl284gJGCRuJwq9um4/oAfLuqaZd6NqtzpupReTd2shimj3BtrDqMgkH8DXTeHPhP448WaeL7QfD1xPat9yaR0hV/dTIy7h7jNanwg8MD4i/FqCPXWa7hXffXvmHJmAI4J92YZ9s12Xxu+MWvw+MLnwz4T1CbSNN0zEDNZt5byuAM/MOQo6ADHQ+1AHl3in4d+LPBaI/iXRLiyikOFmyskefTehKg+2c1zVfSnwN+I974+a/8DePH/teG4tWeGW4UMzKMBkY/wAXXIJ54PPSvCPG3h0+E/G+raGWLCyuWjRj1KdVP/fJFAGFRRRQAUUUUAFFFFABRRRQB0dFFFABRRRQAUUUUAFFFFAFnTrJ9R1GG0jYK0rbdx7V6otg+n6L9j0YRpIqbUaU4Ge7HAOT3ryi1uprK6S4tn2SxnKtgHB+hrV/4THXf+f7/wAgp/8AE110asKcWne7PMxuGrV5R5GrLo+51WgeFGspLl9ZS0vGlIKkr5hB5yfmHfNYnifwzPZy3WpwG3itAylY48hlzgdAMdfetTwp4lkuhdf23qEK7dvl+aUj9c46Z7Vka94hmuNZltGuln0zzUJRFUhlGCcMBk/nWtT2Xs4pfL/gnLRWKWKld+va2m3mZF5rupaharbXl28kS4+UgDP1IHP416F4Y0RNI0tWO17mcBpH/ko9qzPFWp6PceGzFbzwSyHb5CRkEpyO38PGa5pPF2uIiot7hVGAPKTp/wB80ozjRm+Z3fcuVOpi6KVOKgr6r+kdPH4a1G68SrqOsNZzw5OYclgFwQAAVxxR4j8JG/eF9Kis7VY1bzBt2bvT7o5rL0DxXqE+tQR6nfoLU7t5dUQfdOOcDvirvivxLNbSW66LqELIyt5nlFJPTHrjvVN0XSv/AMOY8mLjiIxTV7edramj4Q0SPTtMS6fDXF0gct/dU8gD+tVp/Dep6h4kj1DUXs5LZH4h3M2EHbBXBrlYfFetW8EcMN7tjjUKo8pDgAYHatHRvFmpzaxbR6hfqLZmxIXRFGMeuBihVqMnGNnoXPC4qEp1bq7v3vby0NzxF4TGorbjSYbO1KFvM+XZuzjH3Rz3rzx0McjIeqkg4rvfFXiV7VLX+xNQhYsW8zyiknpjPXHeuBZi7Fm5LHJNc2I5Of3fmdeXKt7L95t07/MSiiiuc9IKKKKACiiigAooooA5yiiigAooooAKKKKACiiigAooooA+tvgdBpeo/s7SW2s4ksEmuDeRg9UDbip9iB+Rrgpf2n7vTb1LXwt4U0qz0OE7UtnVlkZO2ChCp9NrVz3wR+K1n4FuL3RvEkbSaDqZzKyKWML42lio5KkcHHPArpLv4P8Awp1HUVvdJ+KWn2OnSEubSa4haRQf4VZnUrj/AGlJoA1viRofhz4mfBn/AIWPoOmppup2433AUBfMCttkV8DDEdQ2M8e9fP194h1nVbW3tdV1W+vra2/1MFzcvIkfb5QTgcccV7X8S/iL4R0T4cxfDn4eTtd2mQt3ep8yhd25sMcB2Y9SOPf0yPiv4d+FWleA9MufAl/bzavJIgdYL4zu6bTuMiFjsOcdl54oA7D9qBDdeDfCeoQHdbF2UMOmWjDL+gNfNVe//D/4l+FPFfw6X4ffE+U2scSiO0v2OFwPuZbB2MvTJ4I61No3w0+EnhTVhrmtfEbT9ZtbRxNDZQzREkjkBgjMz89gBmgDV+Ozf2f+z/4V0+6Xbcs1uoX02wkn/D8azf2UP9b4u/64W3/tWvPfjJ8UD8SPEsTWMckGkWCmO0jfhnz1kYdicDA7AV2P7M3iHRdBk8Uf27q9hpvnw24i+2XKQ+YR5mdu4jOMjp6igDxHUv8AkLXf/Xd//QjVarGoMr6ndMjBlaZyCDkEZNV6ACiiigAooooAKKKKACiiigAooooAKKKKACiiigAooooAKKKKACvpP4jf8mj+Fv8ArnZ/+gGvmyvoHx94k0O8/Ze8N6Vaazp8+owpaiWziukaaPCnOUB3DHfIoA8Es7O51C9htLGCS4uJnCRxRruZ2PQAV9JeFvDGhfADwr/wlfjRkufE11GVtLJGBMZI+4vv/efoOg93fArTPh54V8OweIdT8UaGPEN5ETi8vYkayB/gCFgQfU8HtxWb4t+Hfh7xr4gm1jXvjhoE1xJwqhYQkS9kUfaeAKAPEvEvi3VfFHi248RX9wyX00okRomK+Tj7oQ9sYGPzqjqms6prl0LnWtSvNRnVdolu52lYD0yxJxXo2pfDvwT4Z8XeHYbvx7p+v6Ve3Wy+eyKL9nQYwWKSPgEnGeMDNQfGzRvAWja9p8fw4ureaF4GN0treG5jRs/LhyzckZyM9hQB6P8ADn/k0fxT/wBc7z/0AV886L/yHtP/AOvmP/0IV7p4B8SaHZ/sveJNKu9Z0+DUZkuhFZy3SLNJlRjCE7jntgV4TpDrHrVi8jKiLcRlmY4AAYck0Ae9/tZf8hLwt/173H846+ea91/ab8Q6Nr+oeG20LV7DU1hgnEps7lJhGSUwDtJxnB6+leFUAFFFFABRRRQAUUUUAFFFFABRRRQAUUUUAFFFFABRRRQAUUUUAFfSPxR/5NT8Hf8AXKz/APRJr5ur3/4j+I9Dvv2aPCml2Ws6fc6hBFaCa0hukeWPbEQdyA5GDwcigDifAvxz8S/D7w2NF0Ww0ma3ErS77qGVnJbrysijt6V3nh/9pq41nUINM8ceGtMurG7kEUr26sAgY4yUkLBhzyMisvw1o3wW8YeC9N06+1aXw5rtrFie5uHEXnOTkks2UZcnjkMBgcVo6H8LPhV4a1NNX134m6bq8FrIJktbeaJd2DkBgjuzfQAZoAw/j54Is/h74w0zWPCJk06DUFeRFtmKC3lQjJQj7oIYEAdMHFeSalquoazeG71i/ur+5YBTNdTNK5A6DcxJr2bxX4+8K/Fb40aJb645tfCVjvhWaVjF5uRksxyCikqo9QBzjPFHxV4O+Gt18YtM0bw3r9np+gSwCS9uVvRJDGwydqyuxGWAA5JwT+FAHMfC34V6p8Sda2xbrTSLdh9sviOFHXYnq5H5dT6HvPi58SdG0XwyPhr8OlRNNt18q9uozkPg8oD/ABEn7zd+nrXp3iBvB1z4Fh8J+C/iV4c8L6eqmOVobmGWSRT1G7zlwTzk8k15Mfgb4Ix/yWjw/wD98wf/ACRQBwXwm/5K54a/6/467P8Aag/5K5H/ANgyH/0J6434fyWWi/GDR3ub+AWVpqQDXkjhIyisRvLE4APXrXTftGaxpmufFGO70XUbTUbYafEhmtJ1lTcGfI3KSM8jigDyiiiigAooooAKKKKACiiigAooooAKKKKACiiigAooooAKKKKACvpPQf8Akyu++k//AKUV82V9A6J4k0OL9kW90eXWdPTVGE22xa6QTnM+RiPO7pz0oAj/AGe/COnWWi6p8RtdnuEh0sSCBIZGQYRdzs20jcO208cc0uoftYa82p7tL8P6dHYhj+7uWkeVl7fMrAA/gax/gh8VNG8LabqPhbxmrf2LqJLCbYXEZZdrKwHO0gDkdD9a1bv4NfC68vhc6V8VtNs7Fzu+zT3EDyAHsGMikfipNAHV682m/tA/B26162iuNP1bRvMIt/PZ4hIq7iuOFYMp4bGRnFfNMHiDWbbSJdKttWvotOmz5lnHcusL565QHafyr3zxJ8QPAvw0+Gl54N+G94dVvr1XWa8Uh1BcbWkZ8BWbHAC5AwM1zXhbw78KLr4I3eo67qEEfiZYpiFa9KTpICdgSENhgeOdp69uwBy/wM/5Lb4c/wCu8n/op63/AI+ajdaP8fJtR06Zobq1S3likXqrBQRXMfBq/s9L+L+gXmp3cFnaxTOZJ7iQRog8txyxwByRWr8eNS03XPjBdXOl6la3dnJFCv2q2lEsY+UA8rnOPQUAdrP8c/APjXRoIvih4Lnu76FdomsQp+pVi6OgPoCfrXUfC74j+G9S8aWXhf4ZeE/7I051ee/ubgDzXRFOBwWJ+YryzH0xzmuKPwf+F2p21tc6T8VrGzRkUypeSQlicc4DPGy/Qg4rfg8XfDX4IeH7yDwRfDxJ4huk2m5VhIo9Muo2hQedq5J7+tAHmv7QF/Ff/GjWPJ5FuIoWI7sqDP8APH4V5tU9/fXGp6jcX17IZbi5laWVz1ZmOSfzNQUAFFFFABRRRQAUUUUAFFFFABRRRQAUUUUAFFFFABRRRQAV9K+Lf+TM9H/3Lb/0ZXzVX0F4o8SaHcfsm6VpEGs6fLqca2++yS6QzLh8nKA7hj6UAcp8K/jW/gbSZfD2v6YNX0CdmJhGN8W77wAb5WU/3Tjqea6NPib8FdIvX1bQfh7evqanfEtyqCFXHQgGV1XnuErivhl4P8D+KrDUV8YeLV0G+R1FosjrGhXHLEuNp54wGB4967zR/hn8IvCc66r4n+Ilhr8ds3mLaWske18dAyRs7N9BjPfigDq/jJ4hudS/Zqs73W40tr/WJLeQQAY2Et5m0Z54UfpXzHeeINZ1HToLDUNWvrqzt/8AU209y7xxcY+VScDj0ruvjJ8VT8Rtagg02FrXRNPytrE3DSE8F2A4HAwB2H1rp/Gnh/4N6X4B0S/0S+W51Bp4DdR2l8ZbiaPrKHjLYjOM9l5xQB5h4E8Y3PgPxZBr1jawXc0KOqxz52/MMZ45r3/wT8UdB+NOsHwv438JWQuJ4WaC4T5+QOQCRuQ45BB/KsLUPBPwU8dRnUfDnjCDwtO6gNbXLrGitj/nnIVP/fLYrS8I6Z8Kvg3LJ4hn8bW/iPVEjaOFbJ0fGeu2NGbBPTLNgUAN+D/h6HwJ+0X4i8NCRnRbNmtXbq0e5GAPuA2PwNeKfE6znsfin4kguixk/tGZ8t1wzFl/Qir9x8UNTb4vP48tYwlwbnzFt2Y7fKxt8sn/AHePrzXrfia3+Ffxrjh14eLIPCut+WI7hb1kTOOgZXZQ5HQMrdOvsAcL+zZbyTfGS2eNcrDaTO59BgD+ZFYnxynjuPjZ4jeFgyidEyPVYkU/qDXq9j4i+HHwK8N3g8LavH4o8RXse3zoHV146ZZcqiA84yWP8vnK/vrjU9RuL69kMtxcytLK5/iZjkn8zQBXooooAKKKKACiiigAooooA6OiiigAooooAKKKKACiiigAooooAKKKKACiiigAooooAKKKKACiiigAooooAKKKKACiiigAooooA5yiiigAooooAKKKKACiiigAooooAKKKKACiiigAooooAKKKKACiiigAooooAKKKKACiiigAooooAKKKKACiiigAooooAKKKKACiiigAooooAKKKKACiiigAooooAKKKKACiiigAooooAKKKKACiiigAooooAKKKKACiiigAooooAKKKKACiiigAooooAKKKKACiiigAooooAKKKKACiiigAooooAKKKKACiiigAooooAKKKKACiiigAooooAKKKKACiiigAooooAKKKKACiiigAooooAKKKKACiiigAooooAKKKKACiiigAooooAKKKKACiiigAooooAKKKKACiiigAooooAKKKKACiiigAooooAKKKKACiiigAooooA6OiiigAooooAKKKKACiiigCWW2ngSNpoZI1kG5C6EBx6j1qKul8SI0mmaAiDczWoAA7nC0y40jRdIKW+sXV1JeEAulqF2xZ7HPWt5UmpNLZHJDEpwTa1d9F5M52it/WNBs7DQ4L+0u2uRPLtVsYG3BPTqDxio4rfw5FFELq7vppXUFzAiqqE9ju5OPapdKSdmWsRCUeaKb+XYxKK19V0VNP1K2jimM1rdBXilxglSf51o6noug6NfGG+u7yQtgokAXcg9WJ4656UeylrfSwvrNPS13fbQ5eiuou/DuladEt9d6hLJYzAGBIUHmvnnvxx/nFUtR0ez/shdU0eeaS3D+XJHOBvjP4cen50SpSje/QI4qnJq19fLr2MSiti3g8Px2kT311eyzSDLJbIoEfsS3X8KbrekRaettc2U5ns7pS0TMMMMdQfzpOm0rlqtFy5bNX8ile6fc6dKkd5F5bSIJFG4HKnoeD7VWrtvEttpQms7nVri4G62REhtlG44ySxJ4xzWFq+j21vp9vqWlzvNZzNsxKAHRvQ4+hq6lFwk7bIxoYpVIx5tG/LS5jUUUVgdgUUUUAFFFFABRRRQBzlFFFABRRRQAUUUUAFFFFABRRRQAUUUUAFFFFABRRRQAUUUUAFFFFABRRRQAUUUUAFFFFABRRRQAUUUUAFFFFABRRRQAUUUUAFFFFABRRRQAUUUUAFFFFABRRRQAUUUUAFFFFABRRRQAUUUUAFFFFABRRRQAUUUUAFFFFABRRRQAUUUUAFFFFABRRRQAUUUUAFFFFABRRRQAUUUUAFFFFABRRRQAUUUUAFFFFABRRRQAUUUUAFFFFABRRRQAUUUUAFFFFABRRRQAUUUUAFFFFABRRRQAUUUUAFFFFABRRRQAUUUUAFFFFABRRRQAUUUUAFFFFABRRRQAUUUUAFFFFABRRRQAUUUUAFFFFABRRRQAUUUUAFFFFABRRRQB0dFFFABRRRQAUUUUAFFFFAHWaxOtrH4ZncZWKFHI9htNQeI9GvbrWHvbGGS7trrDxyQqXHQcHHSufluZ50jWaaSRYxtQOxIQeg9KfBqF5axlLa7nhQnJWOUqD+ANdEqsZ3Ul1ucUMPOnZxequvvdzpdasJdO8D2NtcEeatzl1BzsJDHFWb22k0420GjaBbX0DxK32iWAzFye+e1YdzqFvL4QtrPzS10ty0jqQehB5z071nRajewQ+TBeXEcX9xJWC/lmrlUinp5flsYwoVJR1ezfezv1Oo8VB1uNDEsccbhQGSIfKpyuQPYVmeM/+Rpuf91P/AEEVjPczyCMSTSMIhiPLk7Pp6Uk081zKZbiV5ZD1eRixP4ms6lRTT9bm9HDum4tvZNfe7m/4h/5FvQP+uL/+y0tj/wAk+1P/AK+E/mtYElzPNHHHLNJIkQxGrMSEHsO1C3M627QLNIsLnLRhjtY+pHSk6icpPuNYdqnGF9nf8bnWyWzafpdgdI0O31ETwh5J5YDMdx6jjpTPFolXw/pQuIIbeTc+6KAYVD6AVzEGoXtrGY7a7nhQnJWOUqD+ANMkuZ5Y1jlmkdEJKqzEhSeuBVzqqUXFLexnHCyVSMm9m+93ub3jX/kJWX/XlH/Nqaf+SeL/ANf/AP7LWHPcz3LK1zNJMyrtBkYsQPTntSfaJvs/2fzpPJ3bvL3Hbn1x0zUSqJyk+/8AmaRoNU4Qv8LI6KKKxOsKKKKACiiigAooooA5yiiigAooooAKKKKACiiigAooooAKKKKACiiigAooooAKKKKACiiigAooooAKKKKACiiigAooooAKKKKACiiigAooooAKKKKACiiigAooooAKKKKACiiigAooooAKKKKACiiigAooooAKKKKACiiigAooooAKKKKACiiigAooooAKKKKACiiigAooooAKKKKACiiigAooooAKKKKACiiigAooooAKKKKACiiigAooooAKKKKACiiigAooooAKKKKACiiigAooooAKKKKACiiigAooooAKKKKACiiigAooooAKKKKACiiigAooooAKKKKACiiigAooooAKKKKACiiigAooooAKKKKACiiigAooooAKKKKACiiigAooooA6OiiigAooooAKKKKACiiigAruPCvh3TNQ0IXN/beZIzt83mMvA+hHvXD16j4Vg/4pK2jbI8xXJI68sa7MLFSk7q+h5mZVJU6S5XbUpf2T4N/56Wf/AIGn/wCKrkdftrOPXGg0YLJAQoQROZMkjnByc811U3w+sGjIt7u5R+xfaw/IAfzrBs4j4T8VRf2ou6NQdsiDOQRgMKqrBtpSioq+6MMNUjeUoVHJpbMwri1uLSQJdQSQuRkLIhU4/Guw0HwVDJaJd6wzfONywg7cD/aPWk13V9O17VtKtLQ+couF3yFCBgkDbzzWr45uJLfw6EiO0TTLG2PTBOP0ohThBSm9Uh1sRWqezpr3XLcYfCvh3UYXXT3UMvV4LjftPuCTXEaxpM+jag1rcYbjcjjo6+tWvClxJb+JbTyyQJG2MPUEV0fxChU2VnPj51kKZ9iM/wBKmcY1KXtIqzRVOVXD4lUZS5lLucPBBJczpDAheSQ7VUdzXb3Hh7RdC0AXGqwfaLgDH+tZd7n+EYI4/pUnhDQk060Oq6gAkjISm/jy09T6E/yrKuzeeNtYlWykjjgtl/drKSMjOM8A8mmqfs4WteT/AACrXdaraMrQju/0OWYgsSAFBPAHakq3qenTaVqD2lwyNIgBJjJI5Ge4HrVSuJqzserGSkk1sFFFFBQUUUUAFFFFABRRRQBzlFFFABRRRQAUUUUAFFFFABRRRQAUUUUAFFFFABRRRQAUUUUAFFFFABRRRQAUUUUAFFFFABRRRQAUUUUAFFFFABRRRQAUUUUAFPgMa3EZnUtEHBdR1K55FMooA+jvAlj8DPH3iKPQ9K8F6tDdtC0m+6upVTCjnlbgn9K891jwFodx8f77wjBfw6BpS3QjjkmZn2jap2AsTliTgbjj9BV79mn/AJLJB/15zfyFc/8AGv8A5LR4l/6+h/6AtAHouqW/7Png24/sq8stT8R3cDeXPPbzyHaw65KyRof+A5qXXvhH4F8afD+68VfCaeeF7NGaSykd2DFRlkIcllbHTkg/rXz7HG80qRQo0kjsFVFGSxPQAdzX0/4YtD8EfgDqd34ldYtV1jc0Nkx+YOybUT6gct6UAfL1ew/DrwH8On8FHxd8QfEitCspiOm27lWVucKwA3sxAyAuBjuak+E/xh8OeA/Aup6LrGh3F3c3UjuskCIyzArgLIWYEAewPBrxt2DSMyqEBJIUdB7UAfQGjv8As8+I9WXR7fRNS0yadxFDdXE8wRmPAwfNbHP95QK5zxb8PPDvwm+J1ini2G71vwtdxPJEkR2zHAxtJDJyCQcgjIPSua+E/wAP9T8d+M7SOzjZLGzmSa8uiPljUHO3P944wB+Ndj+0z4usNf8AGljpGmSrMuixPHNKpyPNcruUHvgKM++aAO28I+Dvg58QfC+sal4c8JX1r/Z6MpN5dzKd+wsCAs7Aj618v19K/s0/8k28Yf75/wDRJr5qoAKKKKACiiigAooooAKKKKACiiigAooooAKKKKACiiigAooooA7/AOHur/DLTtMu0+I3h3UtWu2mBt5LORlVI9vIOJk5znsa774t+BPAmm/B/SvFfgzQ5dOfUZIXjaa5ldxG6FsFWkZQenTP1rwKvpH4o/8AJqfg7/rlZ/8Aok0Ac/8AA3wB4R8R+CvEOveNNLa/i06T5Ns8sZVVj3sBsdQTyOtR/wDCUfs8/wDQieIP+/7/APyVXRfBi78ND4Ga1oep+LNK0O91iWdC1zdxrJEGQIH2M6k8D2rItv2bNO1m2kbwr8SNJ1idQSEihUqT7skrkfkaAPKvHV74Tv8AxIZvAWmXWmaT5KgQXbFn8znccl34PHeofBl34bsvFFvP410+51HR1VvOt7ZirscfLgh07/7QrdtNOvfhD8V9PbxlpXnjT5hM0SEMs6YIDoTweeRnHI5xV741fEXR/iP4lstQ0LTZ7OO3t/KkkuVVZJTnPIUkYHbnuaAOmHif9npmCr4D8QEk4AE78/8Ak1XYeO/Anwm8MfDF9fn8MXGmXl5b4sbW4vJvPErL8oKeay8dT1AriP2dvDPhrUfEFxrvii/tI30x0+yWtzKqB5Dkh8MecY4Hrz2re/aB8A+NdYvpvFrXFrqeiWsf7mG0Y7rWLqWKnhh3LAn6ACgDJ+H83wW106FoGo+ENWm126WO3nuTO6wvNj5m+W4GFJz0UfSub+PHhLRPBnxFTS/DVl9iszYxymLzXk+cs4Jy5J7DvWJ8Jv8Akrnhr/r/AI67P9qD/krkf/YMh/8AQnoA8cooooAKKKKACiiigAooooAKKKKACiiigAooooAKKKKACiiigD3bwJJ8EvEl5o3h+fwdq76xdqkMlw9xIsTS7fmb5bjIGQei/hXIfHTwpovg34kHSvDdn9jsvscUvlea8nzHdk5ck9vWs74N/wDJY/DX/X4P/QTXU/tN/wDJYW/7B8P/ALNQB02mfCTwD4B8D2fiL4s3NxcXF6qlLKF3VVJG4IAmGZsdTkCjw/pvwD8f3w0TSdN1TQtRuCUt3nnkDO3+yTJImfZutd2/hqH4vfB3SZPHtvceHLm0RXiu2kRQflxvwTwrDs2D/OsT4afA/wAHab4ki1m08ZweKLjT5PNigsXiVVYdN212JI+ooA8G+JXgW4+HfjSfQ55xcx7Fmt5sYMkbZwSOxyCD9KreAfDNl4u8ZWej6nrEOkW855uJRncf7i9tx6DJx/I+hePvHFzZ/tGW2u+K/D0sEGlMka2Eu1neEbir5yVY5YsMHHGM8VhfGr4i6P8AEfxLZahoWmz2cdvb+VJJcqqySnOeQpIwO3Pc0Adtqcf7PfhG4/sq6sNU8RXUDeXPcW88hww6kkSRof8AgINSeJfhF4J8WfDy48XfCe4mjFojNLZSO7htoyy4fLK4HPUg/jmvn+KKSeZIYI2llkYKiIpLMTwAAOpr6f0W1PwR/Z51E+IZFj1jWt7RWZIJWR0Cqn4AZb05oA8++Enwh03xLoN14v8AG981j4esy2FRthm2/eYt2UdOOSfTvuQ337OV7qR04aNqdojHYuovLcCPJ7/60kfimK2/hHJp3xA+AOofD+K/js9Vi80Krnlgz+Yr46lcnBx0x9K4S1/Zp+IEusfZLm3sbe1DfNfG7Vo8dyFHzn8VFAGf8X/hI3w7urW/0q6a/wBAv/8Aj3uGILI2M7GI4ORyCMZ59OfM6+vvi5pOnJ+zbNY2N4t3DpKQRRXO7duaJ1Q8+v3hXyDQAUUUUAFFFFABRRRQAUUUUAFFFFABRRRQAUUUUAFFFFAHqngLVfhAmgWGn+MvCurahrkkrJLc28zLG25zs6Tr0UgH5e3etH9ofwH4a8DX+gp4V037Al5DM0w8+STeVKY++zY6npXk+i/8h7T/APr5j/8AQhXvP7WX/IS8Lf8AXvcfzjoAh0L4SeCPBHga28T/ABeuZpJb1VMOnxOy7dwyEwhDM+OTyAP1qXQ9E+BHxGuP7F0C01Pw9qs2RbtPM+6Qj03PIh+hwT2rqvHPhwfHj4Y6Hqfg2+tzeWQ3PayybcMVAaNsZ2sCOM8H9a4b4ffAXxLonimz8QeNXtdE0zSphcyM10ju+w5AGwkAEjnJ6dqAPK/HfgvUfAPiy50PVSsjR4eGdBhZoz91wO3Q8diDXO19TftAX+n+HfHngXxPe2a3sNtJJ5tuQMyoCpBGe4ySM98V5L8bPiRo3xJ17T7zQtNuLRLWBo5JLpEWSUk5AIUkYHbnuaAPO9P0+71XUYLDTrd7m6uHEcUUYyzsegr2vx54G8EfCz4b2dlrFgmr+M76MkP9qmRYc9X2qwBVegyOT+NbXwy8Mab8IvAc3xH8ax41KeLGnWb8OoYfKAP77f8Ajq+nNeeaT4Z8VfHrxVrerx31jHcwBZZBeSuqojbgqJtVuBt9v1oA82RGkkVI1LuxAVVGST6AV9Bab8IvA3w98H2+vfGC5mnursDy9Ngdl2kjOwBCGZh3OQo/WvMfhVpcV38ZdA0+9VZES/G4dQSmWH6rXY/tP6lPdfFSGykcmCzsYxGnYFiSx/Hj8qAOi0bwV8G/itaT6f4HF94d1qNDJHFcyOzMB3Ks7qy+u1gRXhfiTw9f+FPEd5ourxiO7tJCj4OQw6hge4IwR9a0fhzqNxpXxM8PXVo22QahCn1V3CsPyY16f+1Vp8Nv490u+jGJLqx2ye+xiAfyNAHhdFFFABRRRQAUUUUAFFFFAHR0UUUAFFFFABRRRQAUUUUAFdI/gfVPscU0Bjkd0DNETtZSe3PB/Oub6Vu2XjHV7JAnnLcIBgCdd368H9a2p+z1UzmxHt7J0bfM3vCegavpuoma8/cW+0hovMDbz24BIpfFdn/bXiGw023dVlWNmkY87FOP8Dx71jz+OtXmjKoLeAn+KOM5/Umsa11S7tNSF/HKWuASSz/Nuz1z61u6tLlVNbHDHDYiVV152UraWNXV9Cm8L3dpdLOtwnmBlbbtIZTnGMmuy1iyTxN4dX7HIpL4lhY9M+h/MiuA1jX73W2j+1+Wqx52pGCBn15JpNK1/UNHyLOb92TkxOMqT/T8KUatNOULe6yqmGr1IQm2vaROi8NeEr+11eO71GNYUgyVXeGLHt07VN4u1S2OuadZzMrQ28qy3GRkAZHBH0zx71kXPjnV54SieRAT/FEhz+pNc87tI7O7FmY5LE5JNEq0IxUKfrqOnha1Sr7Wu1tZJHpsvivw7PE0U10skbDBR4HIP4ban0a80O6llGipArqo3mKAxnH5DNeU1paNrtzocsr2iROZQA3mgnGPoRVQxTcrzRlUyuKptUm7+un5HX+LbzRRbXlvIsP9pFFwTAS/bHzY9PevPqt6nqM2q6g93cKiyOACIwQOBjuT6VUrlqz558x34Wh7Cmot6hRRRWZ1BRRRQAUUUUAFFFFAHOUUUUAFFFFABRRRQAUUUUAFFFFABRRRQAUUUUAFFFFABRRRQAUUUUAFFFFABRRRQAUUUUAFFFFABRRRQAUUUUAFFFFABRRRQAUUUUAetfs0/wDJZIP+vOb+QrD+MkEt18cPEMFtE8s0t4qRxopZnYooAAHU1h+B/Guo+APEqa5o8NrPcpE0QS6RmTDdeFZTnj1q5H8SdXj+KJ8eC1sTqhmM3kmN/I3FCn3d27oc/e60AexeDvBOg/BHwyvjX4i7JtekX/QdPBDNE2OFUd39W6KPzPivjzx7rHxC8RPqmtS4UZW3tUJ8u3T+6o9fU9T+QHo//DVfjf8A6BXh/wD8B5//AI9R/wANV+N/+gV4f/8AAef/AOPUAec+HPhx4t8W6Tc6n4e0aW9s7UkSyrIi8gZIAZgWOOy5q/8ADP4Yat8SNe+zWitb6dAw+2XrL8sQ/uj1Y9h+JrQ8NfHLxZ4V0/VLPTE09otSuJLlvOhZjA8n3jHhh+Tbqn8FfHnxR4F8OLo2k2Ok3ECyvKZbuGVpGZjk5KyKD+VAHb/ET4naR8PdAb4f/CsLEYgY73Uo2yyt0YK38Tnu3boPb58Zi7FnJZickk5JNe2f8NV+N/8AoFeH/wDwHn/+PVynxB+M/iL4kaLb6ZrlnplvDb3AuEazikViwVlwdzsMYY9qAPU/2af+SbeMP98/+iTXzVXceB/ivrngDRNS0vR7TT54NSOZmuo3Zl+Xb8pV1A49Qa4egAooooAKKKKACiiigAooooAKKKKACiiigAooooAKKKKACiiigAr6R+KP/Jqfg7/rlZ/+iTXzdXba98Vdc8RfD7TfB97a6fHp+mrEsMsMbiVvLXaNxLkHjrgCgCvc/C3xjbeF7HxANDuZ9PvY/MRrdDI0a9i6jlQRyD0wRUPgHRPEepeNdOHhm0uzeQXSEywowEGG5LN0UYznP0rb8I/HLxx4Ns47Ky1GO+sol2x21/H5qoPQMCGA9t2Pauku/wBqTx3cWzxQ2ui2rsMCaG2kLL7jdIw/MGgDp/2m7Rtf8YeFND0iH7ZrUkUoMMRG4hiu0EduVY5JAABrymP4O+OD4th8Nz6M1vqM1u1yiyTIUMa9TvUleuB16kZrHs/HGvWnjiHxc9611rEU3nedcDcGOMYI44wcYGOOmK3/ABD8avGfiDxTaa+L5NLvLOIxQrp6lECk5OQxbdk4yDkcDigDlda8Ma54cvDa67pN5YTbtgE8JUMf9k9G/DNfSf7PlhrGg/DLXrjxZFPZ6M26W3jvAVATYfMYK3RTx7GvPbT9qPx5bW6xzWui3bqMGWa1kDN7nZIo/IVzHjf40+MfHlkbHVLuG1sG+/aWMZjSQ/7RJLH6E49qAKfwsMbfGPw8YVKxnUUKKeoGeK7D9qD/AJK5H/2DIf8A0J68u8Pa5c+GvEVjrNgkUlzYzCaNZgShI9QCDj8RWn488dan8Q/Ea61rUFpBcrAsAW0RlTapJBwzMc/Me9AHNUUUUAFFFFABRRRQAUUUUAFFFFABRRRQAUUUUAFFFFABRRRQB23wb/5LH4a/6/B/6Ca7j4/SW0P7Qmnyahg2iRWjT56bA53fpmvJfDXiC68K+JbHXNPjhkubGXzY0nUlCcY5AIOOfUVf8deONS+IPiQ63rMFrBcmFYdlojKmFzjhmY559aAPev2m9H8Qazpuh3uhw3F7ocMbNKlqC6oxxtcqO23IB6D8a8R+G2g+JtU8caXL4XtLszwXaM1zEjBIQD8xdugGM5B69O9avgz45eNfBOnJp9hdwXthENsVtfxGRYh6KQQwHtnA7Cugvv2ofHt5aPDBBo9i7DAmt7Vy6+43uy/mDQB0v7TVkdf8eeGNG0SEXesyW8iNBERvIZhsB9Ojnn3rxfxB4C8T+FtbttI1zSJre+uwDbwqyy+bk4G0oSCc9s5plh401yw8bQ+LPtjXWrxTed59z8+84wQfbBIwMYHTFdXf/HPxTqXjzTvFd1baY13psLxW9uIH8lQwO4437snP97tQB6T4T8H6B8CvDC+MfH/l3PiKZT9hsFIYxMR91f8Ab5+Zuijge/iPjnx1rHj/AMRSarrc2eqwW6H93bp/dUfzPU16T/w1X43/AOgV4f8A/Aef/wCPUH9qrxuR/wAgrw//AOA8/wD8eoA8k0fT9auZZLzQLW+lksgJHmso3LQZ4DEryv1rptFvPiZ45uhpGmat4j1JZW8qVHvZ2hT18wk7VH1p3g34v+JfA2pajd6Mtiw1KYz3ENxb7lLEk8EEMAMnjdXVX37UPjy8tHhgg0exdhgTW9q5dfcb3ZfzFAHW/Gy7s/AfwX0P4d286T30ixtcBT0RDuLn0y+MfQ+lfN1W9V1a/wBc1ObUdXu5by8nbdJNM25mP+e3aqlABRRRQAUUUUAFFFFABRRRQAUUUUAFFFFABRRRQAUUUUAXdF/5D2n/APXzH/6EK95/ay/5CXhb/r3uP5x18/Wtw1peQ3EYUvDIsihuhIOea634h/E/WviVNYS67bWFu1gjpF9jjdQQxGc7nb+6OmKAMjTP+Ep0OxGuaMdW061lygv7QyRI2DyPMXA4PvXoHw68M+PPif4l0465f61daDbTJcT3OoXErxFVOdqbyQzHGOOmc1T8H/H/AMYeDPD8GjWEOl3VnbjbCt1bNlBnOMoy5+pyal8R/tF+PfEWnvZrcWekxSArI2nQsjsD23MzEf8AASDQBtftB64fHHxR0/wz4bjN9Jpym1RYTnfO5BZR24woJ9j6Vxln4duvhd8RNFn+Jmg3C2aP9oa3jaOUzBQcYIfacNtyC31rldB16+8OeIrPW9MkC3tnKJY2cbgT3yO4PIP1rd+IPxK1z4k6haXevpaRfZIzHDFaRsiLk5J+ZmOTgd+1AHsXiz40fCHxwbf/AISjw14jvltgfJTcIlXPU7UuAM+5Ga7H4Jap8N9Sl1w/Drw/qOktFFF9sN5Izeap37QuZX6Yb06ivj6uz+HvxQ1r4bNqJ0K1sLj+0URJftkbttCbsbdrr/ePXPagDstW8bfDLRvFmjap4E8O6npuo2GrLLez3UjMskPzCQKPOfnJz0HT8K6T9o3wRe67daf458NxPqVhPaJHO1sN+wDJSTA/hIbBPbAr55nma4uJJnADSOXIHTJOa7vwP8aPGHgKz+xaVdQ3VgOUtL6MyRxn/ZwQy/QHHtQBofBD4e6p4q8e6bqJspV0jT51uZrp1KoxQ5VVP8RLAcDtnNWv2i/Fdv4k+J721hKsttpUItd6nIMmSXwfYkD6g03xH+0b478RaXJYrLY6VHKCsj6dCySMD1G5nYj6jBrykkkkk5J6k0AFFFFABRRRQAUUUUAFFFFAHR0UUUAFFFFABRRRQAUUUUAFFFFABRRRQAUUUUAFFFFABRRRQAUUUUAFFFFABRRRQAUUUUAFFFFAHOUUUUAFFFFABRRRQAUUUUAFFFFABRRRQAUUUUAFFFFABRRRQAUUUUAFFFFABRRRQAUUUUAFFFFABRRRQAUUUUAFFFFABRRRQAUUUUAFFFFABRRRQAUUUUAFFFFABRRRQAUUUUAFFFFABRRRQAUUUUAFFFFABRRRQAUUUUAFFFFABRRRQAUUUUAFFFFABRRRQAUUUUAFFFFABRRRQAUUUUAFFFFABRRRQAUUUUAFFFFABRRRQAUUUUAFFFFABRRRQAUUUUAFFFFABRRRQAUUUUAFFFFABRRRQAUUUUAFFFFABRRRQAUUUUAFFFFABRRRQAUUUUAFFFFABRRRQAUUUUAFFFFABRRRQAUUUUAFFFFABRRRQAUUUUAFFFFAHR0UUUAFFFFABRRRQAUUUUAFFFFABRRRQAUUUUAFFFFABRRRQAUUUUAFFFFABRRRQAUUUUAFFFFAHOUUUUAFFFFABRRRQAUUUUAFFFFABRRRQAUUUUAFFFFABRRRQAUUUUAFFFFABRRRQAUUUUAFFFFABRRRQAUUUUAFFFFABRRRQAUUUUAFFFFABRRRQAUUUUAFFFFABRRRQAUUUUAFFFFABRRRQAUUUUAFFFFABRRRQAUUUUAFFFFABRRRQAUUUUAFFFFABRRRQAUUUUAFFFFABRRRQAUUUUAFFFFABRRRQAUUUUAFFFFABRRRQAUUUUAFFFFABRRRQAUUUUAFFFFABRRRQAUUUUAFFFFABRRRQAUUUUAFFFFABRRRQAUUUUAFFFFABRRRQAUUUUAFFFFABRRRQAUUUUAFFFFABRRRQAUUUUAFFFFABRRRQAUUUUAFFFFAHR0UUUAFFFFABRRRQAUUUUAFFFFABRRRQAUUUUAFFFFABRRRQAUUUUAFFFFABRRRQAUUUUAFFFFAHOUUUUAFFFFABRRRQAUUUUAFFFFABRRRQAUUUUAFFFFABRRRQAUUUUAFFFFABRRRQAUUUUAFFFFABRRRQAUUUUAFFFFABRRRQAUUUUAFFFFABRRRQAUUUUAFFFFABRRRQAUUUUAFFFFABRRRQAUUUUAFFFFABRRRQAUUUUAFFFFABRRRQAUUUUAFFFFABRRRQAUUUUAFFFFABRRRQAUUUUAFFFFABRRRQAUUUUAFFFFABRRRQAUUUUAFFFFABRRRQAUUUUAFFFFABRRRQAUUUUAFFFFABRRRQAUUUUAFFFFABRRRQAUUUUAFFFFABRRRQAUUUUAFFFFABRRRQAUUUUAFFFFABRRRQAUUUUAFFFFABRRRQAUUUUAFFFFAH//Z',1,'1977-09-16','772600833v','338/19 Dematagoda Road Colombo','0777334337','117334337','riyaz.mohamed@live.com',1,1,'2024-06-02','nothing',2,1),(3,'1003','Abdulla','Abdulla','',1,NULL,'880912345V','10 Galle Road Galle ','723456789','113456789','',1,2,NULL,'',2,2),(4,'1004','Ahmed','Ahmed','',1,NULL,'920812345V','56 Kandy Road Kandy ','734567890','114567890','',4,3,NULL,'',3,3),(5,'1005','Aisha','Aisha','',2,NULL,'850612345V','78 Lake Drive Nuwara Eliya ','745678901','115678901','',5,4,NULL,'',4,4),(6,'1006','Ali','Ali','',1,NULL,'931123456V','34 Park Avenue Jaffna ','756789012','116789012','',2,5,NULL,'',1,5),(7,'1007','Amina','Amina','',2,NULL,'870812345V','12 Temple Lane Anuradhapura ','767890123','117890123','',3,6,NULL,'',2,6),(8,'1008','Asad','Asad','',1,NULL,'940512345V','45 Beach Road Negombo ','778901234','118901234','',5,7,NULL,'',3,7),(9,'1009','Aysha','Aysha','',2,NULL,'950712345V','29 Hill Street Badulla ','789012345','119012345','',1,8,NULL,'',4,8),(10,'1010','Bilal','Bilal','',1,NULL,'830312345V','67 Flower Road Matara ','790123456','110123456','',2,9,NULL,'',1,9),(11,'1011','Dina','Dina','',2,NULL,'910112345V','83 Riverside Drive Batticaloa ','713456789','111234567','',4,10,NULL,'',2,10),(12,'1012','Farah','Farah','',2,NULL,'861212345V','92 Church Street Trincomalee ','724567890','112345670','',3,1,NULL,'',3,11),(13,'1013','Farooq','Farooq','',1,NULL,'990912345V','15 College Road Ratnapura ','735678901','113456781','',2,2,NULL,'',4,12),(14,'1014','Fatima','Fatima','',2,NULL,'801212345V','88 Station Road Kurunegala ','746789012','114567892','',5,3,NULL,'',1,13),(15,'1015','Hafsa','Hafsa','',2,NULL,'971112345V','35 Market Street Hambantota ','757890123','115678903','',1,4,NULL,'',2,14),(16,'1016','Hassan','Hassan','',1,NULL,'981312345V','64 New Road Kalutara ','768901234','116789014','',4,5,NULL,'',3,15),(17,'1017','Huda','Huda','',2,NULL,'901212345V','11 Kingsway Puttalam ','779012345','117890125','',2,6,NULL,'',4,16),(18,'1018','Ibrahim','Ibrahim','',1,NULL,'960412345V','77 Victoria Avenue Ampara ','780123456','118901236','',3,7,NULL,'',1,17),(19,'1019','Imran','Imran','',1,NULL,'990312345V','43 Queens Road Polonnaruwa ','791234567','119012347','',5,8,NULL,'',2,1),(20,'1020','Jamal','Jamal','',1,NULL,'891212345V','51 Garden Lane Moneragala ','714567890','110123458','',1,9,NULL,'',3,2),(21,'1021','Karim','Karim','',1,NULL,'821112345V','18 Mount Road Vavuniya ','725678901','111234569','',4,10,NULL,'',4,3),(22,'1022','Khalid','Khalid','',1,NULL,'851012345V','60 Railway Street Mannar ','736789012','112345671','',2,1,NULL,'',1,4),(23,'1023','Layla','Layla','',1,NULL,'841212345V','89 Green Lane Chilaw ','747890123','113456782','',3,2,NULL,'',2,5),(24,'1024','Lubna','Lubna','',2,NULL,'911012345V','72 High Street Gampaha ','758901234','114567893','',4,3,NULL,'',3,6),(25,'1025','Maryam','Maryam','',2,NULL,'880712345V','55 Lake Road Embilipitiya ','769012345','115678904','',5,4,NULL,'',4,7),(26,'1026','Nabil','Nabil','',1,NULL,'931212345V','14 Prince Street Nawalapitiya ','770123456','116789015','',1,5,NULL,'',1,8),(27,'1027','Nadia','Nadia','',2,NULL,'920112345V','96 Station Avenue Kegalle ','781234567','117890126','',2,6,NULL,'',2,9),(28,'1028','Noor','Noor','',1,NULL,'830212345V','38 Lotus Lane Hatton ','792345678','118901237','',3,7,NULL,'',3,10),(29,'1029','Omar','Omar','',1,NULL,'870912345V','19 Temple Road Kalmunai ','715678901','119012348','',4,8,NULL,'',4,11),(30,'1030','Qasim','Qasim','',1,NULL,'980512345V','66 Market Road Horana ','726789012','110123459','',5,9,NULL,'',1,12),(31,'1031','Rabia','Rabia','',2,NULL,'890312345V','23 Hill Road Weligama ','737890123','111234570','',1,10,NULL,'',2,13),(32,'1032','Rania','Rania','',2,NULL,'851112345V','80 Garden Road Matale ','748901234','112345672','',2,1,NULL,'',3,14),(33,'1033','Rashid','Rashid','',1,NULL,'971212345V','41 Main Street Balangoda ','759012345','113456783','',3,2,NULL,'',4,15),(34,'1034','Reem','Reem','',1,NULL,'931112345V','52 College Avenue Avissawella ','760123456','114567894','',4,3,NULL,'',1,16),(35,'1035','Saad','Saad','',1,NULL,'850412345V','74 Riverside Road Mahiyanganaya ','771234567','115678905','',1,4,NULL,'',2,17),(36,'1036','Safa','Safa','',2,NULL,'861312345V','37 Flower Street Dehiwala ','782345678','116789016','',5,5,NULL,'',3,1),(37,'1037','Salim','Salim','',1,NULL,'950212345V','20 Park Lane Moratuwa ','793456789','117890127','',2,6,NULL,'',4,2),(38,'1038','Sami','Sami','',1,NULL,'891112345V','91 Beach Avenue Beruwala ','716789012','118901238','',3,7,NULL,'',1,3),(39,'1039','Sara','Sara','',2,NULL,'801112345V','47 Temple Street Kataragama ','727890123','119012349','',4,8,NULL,'',2,4),(40,'1040','Sufyan','Sufyan','',1,NULL,'990512345V','31 Lake Avenue Mirissa ','738901234','110123460','',5,9,NULL,'',3,5),(41,'1041','Sumayya','Sumayya','',2,NULL,'881112345V','69 Victoria Lane Ja-Ela ','749012345','111234571','',1,10,NULL,'',4,6),(42,'1042','Tariq','Tariq','',1,NULL,'951112345V','28 New Road Wattala ','750123456','112345673','',2,1,NULL,'',1,7),(43,'1043','Yasmin','Yasmin','',2,NULL,'960612345V','53 Kingsway Negombo ','761234567','113456784','',3,2,NULL,'',2,8),(44,'1044','Yusuf','Yusuf','',1,NULL,'840512345V','65 Market Lane Kotte ','772345678','114567895','',4,3,NULL,'',3,9),(45,'1045','Zainab','Zainab','',2,NULL,'871212345V','16 Green Road Piliyandala ','783456789','115678906','',1,4,NULL,'',4,10),(46,'1046','Zeeshan','Zeeshan','',1,NULL,'901312345V','84 Hill Street Panadura ','794567890','116789017','',5,5,NULL,'',1,11),(47,'1047','Zayd','Zayd','',1,NULL,'841012345V','12 Prince Lane Homagama ','717890123','117890128','',2,6,NULL,'',2,12),(48,'1048','Zayna','Zayna','',2,NULL,'920912345V','57 Garden Avenue Ragama ','728901234','118901239','',3,7,NULL,'',3,13),(49,'1049','Zakariya','Zakariya','',1,NULL,'831212345V','36 High Road Nugegoda ','739012345','119012350','',4,8,NULL,'',4,14),(50,'1050','Zara','Zara','',2,NULL,'990712345V','21 Mount Avenue Maharagama ','740123456','110123461','',1,9,NULL,'',1,15),(51,'1051','Zubair','Zubair','',1,NULL,'861012345V','79 Temple Lane Kesbewa ','751234567','111234572','',2,10,NULL,'',2,16),(53,'1833','Rimzy Mohamed','Rimzy',_binary 'data:image/jpeg;base64,/9j/4AAQSkZJRgABAQAAAQABAAD/2wCEAAkGBxETEhASEhAWEhATEhISEBIQFRUSEBASFRIXFxUWFRUYHSggGBolGxUVITEhJSksLi4uGB8zODMtNygtLisBCgoKDg0OGhAQGC8lHx4tLSstKzI3MjUuLS0tLS0rLS0tKzc1Mi0rLy0tLS0tLSstLSstKy0tLS0tLS0tLTUtLf/AABEIAOEA4QMBIgACEQEDEQH/xAAcAAEAAQUBAQAAAAAAAAAAAAAABAIDBQYHAQj/xABFEAABAwICBQkFBQYEBwEAAAABAAIDBBEFIQYSMUFRBxMiMmFxgZGhI0JSsdEUM3KywVNigpLC8BVDc6IWJDRUY4TSF//EABkBAQADAQEAAAAAAAAAAAAAAAABAgMEBf/EACcRAQACAgICAgEDBQAAAAAAAAABAgMREjEhQQRRYSIycRMUkaHw/9oADAMBAAIRAxEAPwDuKIiAiIgIiICIiAiIgIiICIiAiIgIiICIiAiIgIiICIiAiIgIiICIiAiIgIiICIiAiIgIiICIiAiIgIiICIiAiIgIiICIiAiIgIiICIiAiIgIiICIiAiKxVVbIxd7gOA2k9wGZQX1i6zGmNJbGOcdvsbMHe76LG11ZJNkLxxcPff+I7h2K7S0QAHRce4IKHVE8m2TVHwx9H12+q8FAD1ruPFxLj6rIxwD9m7zH1V9sY+A+Y+qDEf4c3cLd2S9AlZ1JXDscdceTrrL6n7nqF46EfB6j6oIdNjVspm6v77ep4jaPVZhrgQCDcHYRmCsTPSMPuu8M/qoULnQn2b+je5jkB1fAjNp8EGyIoFJijH2B6DjsBN2nuds8Mip6AiIgIiICIiAiIgIiICIiAiIgIiICIiCPXVbYmFxz3NA2uduAWstvK8vkddx3N6rBuF1M0xm1GxOOzWcD32y/Va/RmaYdEc3F8R2u7kGe+3xR5Ai/ZmfEqRBWl2wFYmOOlh67xffc5q9/wAU0jcgb/hCDOxucVfF1rJ0zh92OR3c0/qg0vvspZT4D6oNlseKG61o6WO/7SX0VP8AxiB1qeRvePog2N6iVAfbKzhweLrFs0zpz1g5v4hZS4scp5OrIL9uSDH1PNk2c0xO4jNh8N3gs7g1cXARvN3jquvcSNGwg8eKhVLWuGdnBa9WiSA6zCSwG/a08Qg6Eis0cpdHG4ixcxriOBIBV5AREQEREBERAREQEREBERAREQEREGoab4jG1zGPF2tGvbbdxNh8lrsVRU1Gw8zHuDesR2nctg06wxjnwSuNrEtcPiAzHzWrYjpXDANWMaztlhxSZ0RG2aotGYRm+7zxcbrNQYVTN9xvjZczdj1dP1Tzbezaok0Yv/zFcAd4fKGnyuFhOesdeW8YLe/Dr4fSt96Nvi0KoYjS/tY/5mrllHg1NILtkEo3lrw8eYKmNwGAe6s5+XEel4+N+XSm19Odksf8wVYkhPvMPiFzM4FB8CtyYFEMxdvaCRbxSPlx9H9r+XTJqCFw6rSO4LA4jovC65YNR3FmS0IyGM+xxHVd8JmafQlZGn0wrYbc81s7Pibk63yK1jPWe/DOcFo68sk9tVSm4PORjzt3KbT41HO0tOTiCLHjZWaHS6mny6jt7X7lHxLBg97HQEBz3tbls6Rtf1WsTtjMadNongxxkbCxtvJXlHw+m5qKOO+tqNDbneQMypCkEREBERAREQEREBERAREQEREBERBrunWFunpnahs+O7wPiAHSHl8lyOvpGNfC0ZktLjxJvbPzK63pVpKKazBFzr3MLiC7VAbs4G981x+KsE04cAWgRgAHO3tJB+gWGa8cZj22xVnlEoVfHW1EjoIGGGFlg+R14w82+LaR2N8VVDyfG2dSA7siuPzZrbqOGaaRtPThvOluvJI8Ex08d7a7gLazibhrbi9jnYLEVsMMkVfPDPzsVD0ZJayeZr6t428xFA+NsTL5NNjrHzWFJvrx4hveKRPnyg4RobNDPFKJ22Y67i0Oa9zd7bbLHZtW7rWtGq8yQunic8xxFgq6eZ/OvgY/qzwzEBz48jrNdmLE3yz2RYZZtM/qa44rEeArXdMMDmqhEI5GhrS7XZIXBribarsgbkWOR4rYlHqXm0nTEUcUZmqZy3X5iIXtqs9+RxBDRsyJzsAa45tFo49pvEcfLSG8nzyOlUtB4NiJHmXBRZNH66k6UDhNGM3MbezuN4z82m6y2LSBlLT19mvhnkMbYpKypFdkXWceac2Nh6OYDLNuNqzdOw/Z46uKV81FIdSRs4H2mjkvqkPcPvGXsLnMAg3I2dU2ye52witPXhqtdEHNim1DGTqvLTdr2G+YPqt00KbUGrENi5jHtc93utaDe5O45WssBpEzoO7itx0T0mjgMoewlr5WF0gIs0ajRs35q3x7xETtHyKTMxp0tERdbkEREBERAREQEREBERAREQEREBERBzblUuyakk3OjkYe2zmn9VzfA3e2kHDZ/PIV1blap7wU7/hmLT3PYf1aFyHBpLVMoPBnzdf1K48sebOvFPirr+g8cYbUDWtJK7P4gwRtaLdxDj4rjeKcn9Q2URa0TJGDUIndzTXhuySN1iHNIscsxs25LodIcgVlG4hNa3OuI4E63zXNOSeMRE6mP+6bf0/Mz9veTzRdlPFKXO1onU7YXyHosmJJMjm39zOwO+5UYC2V72yudp7VenqpH9d7nfiJI8lYuqb/AExX69/e1q1mJmZ9vSp78F+0YbXQxkGeVzX6twCTGYyxlzsB5vu6RUGZtgvIZCDdpLTxaSD5hTS3GfJevKHMIdAJZJna08UUWt7QyEtqIwcy0xEX1twHcuyYPhEcFFUseCyKoe9zY5BZwjdEyMBwPvODC623pC+d1E/xGa4POOuMgTm4dx2qLVTOdm5xceLiSfVRS1otytbeo1Edf5+/9Kzj3Gumq462zLE3IbYnjltUPDnGX7PH+0ljv4vA/vuUjSmXVY49hVWgNMXVVC0jY5jj/A0uPqFvjjxEfkv3v6iXegF6iL0XnCIiAiIgIiICIiAiIgIiICIiAiIgwWm2Huno52NF3gCRgG0uYQ6w7SAR4r5+nma2qieNkjSw/iBuPovp5ck5dcCjZTQ1UUTI3sqAJnsaGucJGkAkjadcN81lfHynbWmTjGkfD5bgLJNK1TRrEBJG07xk4cD/AHmtljkFrndtvuXmWrqdPQidxuF8lQKOuDiTfY4i3cVTJjVML+2afw3f+W60vEK0Me50Uh1SSc2vAz8FeuO0+lZvWPbo9VUtLclCw+pD9Yb2my54cekdlznk1xWx4Bi1PE2zpH6zjdzix5z8ApnFbXSIyU+22EqPO9W6evjkBMcjX222OY7xtCjVs1gVnpfbU9Lai7o4/ikYD3B1z8vVb3yW0GvUvmt0IY9UHdzj93eGg+YWl6KUja7GKeN7Q+GMSSSNIu14a22fZrFvkvoGhoooWBkUbY2DY1gDRfjYb134sWoiZceXL3EJCIi6XMIiICIiAiIgIiICIiAiIgIiICIiAsVpVgzaykqKZ2XOxkNPwv2sd4OAKyqIPk/C6qWkmex7dV7HGOWM5XLTYj6FZjSTHedYxsZOpbWe05XduaeNtvDMcFufLbocQf8AEoG5WArGgbhk2XwGR7LHcVyymkBWU445cmkXnjxZzEMGqIWNkc972EDW5kN1mE7rH6qxAcOd97X1EZ3h9O4/lJW8YRWNmhacj0Q17TnZwGYI/vasbjGFUrBrvdzbSbC7ecbc7g219xXLXLberOqcVZjcMAYMHAuMTmLuDaaT+oBWKeDnXhlM+od+9JGyNoHE9I5LL4fR0b3tY2e7nX1QyExk2F+sRbYCtppaZkY1WNtxO0k8Sd6m+WY9TCKYon3tz6vZPSTC77uaGyMeBbWBJBa7yIKyuk+OAN1GHpOAJI90EbO9Y3SmtEk7nA3a0BjTxAvc+ZKo0N0YlxKpbC27YWkOqZd0cd9gPxuzA89y2inLjNu2M347ivTpXILgBbHPXPFjN7KC/wCyYek7xdl/CF1pWKGkjhjjijaGRxtaxjRsa1osAr66GAiIgIiICIiAiIgIiICIiAiIgIiICIiAiIgpkYHAtcAWkEEHMEHaCF808pWj8dDXPjgBEDmNlaz9nrl12j90FuXBfTC4nywU+tXf+vH+Z6zyW4xtpjrynTQcKxR8Z1mOsd+8OHaN6ymJYs6cNDg0BpvZt8za18z3+awE9DY3b0T6eSoaJRwPiqRNJnftpNbxGvTL0spje17bazTcXzHipWJaQyvaWlwa07QwWuOFySVr+tLwA8UFK53Wd4D6paadyisX6hacTI4NbvIF9wubL6i0S0dgoadkELcutI89eV5GbnHj8hkvnOipACw2yDmn1C+pIzcA9gV8d+W1clOOlSIi0ZCIiAiIgIiICIiAiIgIiICIiAiIUBFquO6e0lPdrXc/KPdizaD2v2D1WgYxpzXVF2tcIIz7sXWI7XnPysomYhMQ61iWM00AvNOyPsc4a3g3atPxTlVpGX5qKSa3vG0bP92fouYOgLjdxLnHaXG5PeSqW0QkkiiI6Ju5wGV2jIepCryTps9Xyx1TieZpYwB8RfIR32ssPPjM1bIZ52tbIWhtmAhoa29siTxWR0nwcRU9PzbdWPXIeGiwLi27b27nLEYeyy5895/a6fj0j9yPV0CgOozwW1mMFWH0i5os6eLWhRngr8FCs39kV6OmsnM4sc6lAasn/wDpeImZ7GuYxrQObbqBw1QLZk5kq3UtyWvTxWlYe23nktcN9Tr7ZZqbjf03eg5VKxhHPQxytO9t43D5hbbg3KbRTHVk1qd//lF2fzj9bLkc1NcO4g3CtGC4Dht3rr5OPi+k4JmvaHMcHNOxzSCD4hXF89YRilTSuDoJXM3lu2N3ew5FdEwDlLjdZlWzmnbOdZd0R7xtb6q0WhWYdBRW6edj2h7HB7HC7XNILSOwhXFZAiIgIiICIiAiIgIvCbZnIDaTuXMNL9PXvc6GjOqwXa6YdZ/HU4DtUTOkxG28Y3pNS0o9tKA7dG3pSH+EbPFc50k5Snzh1PBDzbJLtMjne01d9gNlx2rUjCSS4klxzJJuSe0lRaVnt2jgHFUmy3FPZTqSyFXWtVwBVWRJ22Cl6L0evUyH4WsYPG5P6KLWnqjtWz8n1LcyP+KR3pZv6Ka9q26bNNhjZoXwvyDha42tcM2uHjYrQqvCXwvLHizhs+Fw4tO8LrHMcMj/AHkVaqaSOUakjA7sdu7Wn9Qoy4uf8r4svD+HLGNVyy3Sp0QiPUkczsNngfI+qhv0Ofumae9pH6lcc4Mn064z0n21bVQtWzjQ+X9qzycVJg0NHvzE9jGhvqSfkkYMn0Tnp9tLfDftJyAG0ngFCx/BXQtY+TKQvZZnwtuNvb8l1miwmngsWM6e5zunIe7h4ALRuUq9m3FukMt+S6MeDj5lz5M/LxDWub29ytUsebm+SlBUltnAq7NRzG5USQKcQvC1SL+jWk0mHuLrGSB3XiBtmdjm3yB+a6XgenFFU2aJDFIdjJhqkngHbD5rj+Is9m/uUejj1mq0W0rMPo1FyLRrTSalLY5rzU+zPOSMfuk7R2FdUw+ujmjbLE8PY4ZEfI8D2K8TtWY0koiKUCIiAiIg0zlSxcw0rI2u1X1EnN3G3UALn/IDxXKwywWV5ZMWMlayNpu2maBl8buk70sFiGSa0YI4LO3a9UhuxY6j/wCoP4SpVNLdvcoMTrTnuKqszwcvdZRWSKsPQWat/SC6Fyfw2iaeI1v5s/1XNql/S8D8l1nQ6K0TexoHor0Us2UI5oO1U3XusrqqHxkbM+w/VUtdcAjYRdXbqJE7N7fhcR4HpD0cEFyaTVBPDdvPAKpsTjtdbsb/APR+gUeoNzGOL2/7el+imgoDImtvYd52k952lcy5UTl3X+S6ddcu5TTe4/df/Sot0mO2uud0QewFXGOu0FRqZ+tEw8Wj5KqhfkQsWiaCvCVb1l4XoLOIHoO7io2EuyHcvcUk9m7uVrCXZDuUoT5Rc2Wc0C0g+y1bIHutFU9Egnosk9x3j1fELXYZLuceCwddIXyFwNtWwaRtBG8eKmJ0S+okWA0Hxv7XRwyk+0A5uX/UZkfPI+Kz61ZiIiArFdVNijkldk2Njnu7mi6vrSuVvEuaoTGDZ072xfw9Z3oLeKDi+JTumfLK7rSPc897jdV4RN0C3gqY25KLA7UkI3FYtGRpZLOc1WXH2w7iqZDZ4Kpnd7RpQZZj1WHqJG5XA5EqJc3W8PNdm0bbaMdy41FnI38TfzBdlwY2jar0Usy+smsrGumurqr+uoj3Wkd2tafEEg+mqrmsotU6zoz+JvmL/wBKC4515Ihw13f7bfqpussZE72vdGfVw+ima6CRrLmnKKLuH4X/ANK6JrrnfKF12fxfIfRVt0mO2nYM+8TRwuFXTOs8hRcGdYOHBxV6U2cCs2ie5ytlyoL1ac9BGxeToL2gdZvgouKPvqjtV2B1mohckqNRjjvN1Eo4ujc7Srda+5a1T4m2aAg3fkdxXUnmpiejK3nGfjZt82/lXXl83YVXmnqaecf5cjSe1t7OHkSvo9jgQCNhAI7itKz4UsqREVkC5fy4dSi/HL+VqIonpMduaQKDWfeDvXqLJdJqNytz9ZiIgnxbFWiIFN94z8bPzBdkwj7tqIr1VsnBeoisqKNXf5f+oPyuRFI8h+8d+BvzKlL1EHhXPuUPrs7z8kRVt0mO2i4X1pO9SajaERZNF3crTkRBjK7rNV9nVRFKEN/3gWVGxEQQq3YvpTB/uKf/AEY/yBEV6K2TERFdV//Z',1,'2024-08-13','857620090v','338/19 dematagoda','0777123456','0117123456','testrimzy@gmail.com',3,6,'2024-08-13','N/a',1,18);
/*!40000 ALTER TABLE `employee` ENABLE KEYS */;
UNLOCK TABLES;

--
-- Table structure for table `empstatus`
--

DROP TABLE IF EXISTS `empstatus`;
/*!40101 SET @saved_cs_client     = @@character_set_client */;
/*!50503 SET character_set_client = utf8mb4 */;
CREATE TABLE `empstatus` (
  `id` int NOT NULL AUTO_INCREMENT,
  `name` varchar(45) DEFAULT NULL,
  PRIMARY KEY (`id`)
) ENGINE=InnoDB AUTO_INCREMENT=5 DEFAULT CHARSET=utf8mb3;
/*!40101 SET character_set_client = @saved_cs_client */;

--
-- Dumping data for table `empstatus`
--

LOCK TABLES `empstatus` WRITE;
/*!40000 ALTER TABLE `empstatus` DISABLE KEYS */;
INSERT INTO `empstatus` VALUES (1,'Active'),(2,'Inactive'),(3,'Terminated'),(4,'Retired');
/*!40000 ALTER TABLE `empstatus` ENABLE KEYS */;
UNLOCK TABLES;

--
-- Table structure for table `emptype`
--

DROP TABLE IF EXISTS `emptype`;
/*!40101 SET @saved_cs_client     = @@character_set_client */;
/*!50503 SET character_set_client = utf8mb4 */;
CREATE TABLE `emptype` (
  `id` int NOT NULL AUTO_INCREMENT,
  `name` varchar(45) DEFAULT NULL,
  PRIMARY KEY (`id`)
) ENGINE=InnoDB AUTO_INCREMENT=6 DEFAULT CHARSET=utf8mb3;
/*!40101 SET character_set_client = @saved_cs_client */;

--
-- Dumping data for table `emptype`
--

LOCK TABLES `emptype` WRITE;
/*!40000 ALTER TABLE `emptype` DISABLE KEYS */;
INSERT INTO `emptype` VALUES (1,'Full Time'),(2,'Part time'),(3,'Contract'),(4,'Temporary'),(5,'Intern');
/*!40000 ALTER TABLE `emptype` ENABLE KEYS */;
UNLOCK TABLES;

--
-- Table structure for table `event`
--

DROP TABLE IF EXISTS `event`;
/*!40101 SET @saved_cs_client     = @@character_set_client */;
/*!50503 SET character_set_client = utf8mb4 */;
CREATE TABLE `event` (
  `id` int NOT NULL AUTO_INCREMENT,
  `name` varchar(45) DEFAULT NULL,
  `eventtype_id` int NOT NULL,
  `guest` varchar(45) DEFAULT NULL,
  `description` text,
  `eventstatus_id` int NOT NULL,
  `date` date DEFAULT NULL,
  `starttime` time DEFAULT NULL,
  `endtime` time DEFAULT NULL,
  `time` time DEFAULT NULL,
  `employee_id` int NOT NULL,
  `masjid_id` int NOT NULL,
  PRIMARY KEY (`id`),
  KEY `fk_event_eventtype1_idx` (`eventtype_id`),
  KEY `fk_event_eventstatus1_idx` (`eventstatus_id`),
  KEY `fk_event_employee1_idx` (`employee_id`),
  KEY `fk_event_masjid1_idx` (`masjid_id`),
  CONSTRAINT `fk_event_employee1` FOREIGN KEY (`employee_id`) REFERENCES `employee` (`id`),
  CONSTRAINT `fk_event_eventstatus1` FOREIGN KEY (`eventstatus_id`) REFERENCES `eventstatus` (`id`),
  CONSTRAINT `fk_event_eventtype1` FOREIGN KEY (`eventtype_id`) REFERENCES `eventtype` (`id`),
  CONSTRAINT `fk_event_masjid1` FOREIGN KEY (`masjid_id`) REFERENCES `masjid` (`id`)
) ENGINE=InnoDB AUTO_INCREMENT=4 DEFAULT CHARSET=utf8mb3;
/*!40101 SET character_set_client = @saved_cs_client */;

--
-- Dumping data for table `event`
--

LOCK TABLES `event` WRITE;
/*!40000 ALTER TABLE `event` DISABLE KEYS */;
INSERT INTO `event` VALUES (2,'test',1,'Dr.Riyaz','Test1',1,'2024-10-08',NULL,NULL,NULL,4,1),(3,'TEST3',2,'Sir Riyaz','TESt3',2,'2024-05-20',NULL,NULL,NULL,5,2);
/*!40000 ALTER TABLE `event` ENABLE KEYS */;
UNLOCK TABLES;

--
-- Table structure for table `eventstatus`
--

DROP TABLE IF EXISTS `eventstatus`;
/*!40101 SET @saved_cs_client     = @@character_set_client */;
/*!50503 SET character_set_client = utf8mb4 */;
CREATE TABLE `eventstatus` (
  `id` int NOT NULL AUTO_INCREMENT,
  `name` varchar(45) DEFAULT NULL,
  PRIMARY KEY (`id`)
) ENGINE=InnoDB AUTO_INCREMENT=6 DEFAULT CHARSET=utf8mb3;
/*!40101 SET character_set_client = @saved_cs_client */;

--
-- Dumping data for table `eventstatus`
--

LOCK TABLES `eventstatus` WRITE;
/*!40000 ALTER TABLE `eventstatus` DISABLE KEYS */;
INSERT INTO `eventstatus` VALUES (1,'Scheduled'),(2,'Pending'),(3,'Cancelled'),(4,'Postponed'),(5,'Completed');
/*!40000 ALTER TABLE `eventstatus` ENABLE KEYS */;
UNLOCK TABLES;

--
-- Table structure for table `eventtype`
--

DROP TABLE IF EXISTS `eventtype`;
/*!40101 SET @saved_cs_client     = @@character_set_client */;
/*!50503 SET character_set_client = utf8mb4 */;
CREATE TABLE `eventtype` (
  `id` int NOT NULL AUTO_INCREMENT,
  `name` varchar(45) DEFAULT NULL,
  PRIMARY KEY (`id`)
) ENGINE=InnoDB AUTO_INCREMENT=10 DEFAULT CHARSET=utf8mb3;
/*!40101 SET character_set_client = @saved_cs_client */;

--
-- Dumping data for table `eventtype`
--

LOCK TABLES `eventtype` WRITE;
/*!40000 ALTER TABLE `eventtype` DISABLE KEYS */;
INSERT INTO `eventtype` VALUES (1,'Youth Program'),(2,'Quran Class'),(3,'Fiqh Class'),(4,'Nikah Ceremony'),(5,'Janaza Ceremony'),(6,'Health Clinic'),(7,'Awareness Session'),(8,'Ijthima'),(9,'Eid Prayers');
/*!40000 ALTER TABLE `eventtype` ENABLE KEYS */;
UNLOCK TABLES;

--
-- Table structure for table `gender`
--

DROP TABLE IF EXISTS `gender`;
/*!40101 SET @saved_cs_client     = @@character_set_client */;
/*!50503 SET character_set_client = utf8mb4 */;
CREATE TABLE `gender` (
  `id` int NOT NULL AUTO_INCREMENT,
  `name` varchar(45) DEFAULT NULL,
  PRIMARY KEY (`id`)
) ENGINE=InnoDB AUTO_INCREMENT=4 DEFAULT CHARSET=utf8mb3;
/*!40101 SET character_set_client = @saved_cs_client */;

--
-- Dumping data for table `gender`
--

LOCK TABLES `gender` WRITE;
/*!40000 ALTER TABLE `gender` DISABLE KEYS */;
INSERT INTO `gender` VALUES (1,'male'),(2,'Female'),(3,'Other');
/*!40000 ALTER TABLE `gender` ENABLE KEYS */;
UNLOCK TABLES;

--
-- Table structure for table `house`
--

DROP TABLE IF EXISTS `house`;
/*!40101 SET @saved_cs_client     = @@character_set_client */;
/*!50503 SET character_set_client = utf8mb4 */;
CREATE TABLE `house` (
  `id` int NOT NULL AUTO_INCREMENT,
  `rout_id` int NOT NULL,
  `huid` varchar(45) DEFAULT NULL,
  `address` text,
  `adultcount` int DEFAULT NULL,
  `childrencount` int DEFAULT NULL,
  `telephone` char(10) DEFAULT NULL,
  `housetype_id` int NOT NULL,
  `housesstate_id` int NOT NULL,
  `description` text,
  `doregister` date DEFAULT NULL,
  PRIMARY KEY (`id`),
  KEY `fk_house_rout1_idx` (`rout_id`),
  KEY `fk_house_housetype1_idx` (`housetype_id`),
  KEY `fk_house_housesstate1_idx` (`housesstate_id`),
  CONSTRAINT `fk_house_housesstate1` FOREIGN KEY (`housesstate_id`) REFERENCES `housesstate` (`id`),
  CONSTRAINT `fk_house_housetype1` FOREIGN KEY (`housetype_id`) REFERENCES `housetype` (`id`),
  CONSTRAINT `fk_house_rout1` FOREIGN KEY (`rout_id`) REFERENCES `rout` (`id`)
) ENGINE=InnoDB AUTO_INCREMENT=3 DEFAULT CHARSET=utf8mb3;
/*!40101 SET character_set_client = @saved_cs_client */;

--
-- Dumping data for table `house`
--

LOCK TABLES `house` WRITE;
/*!40000 ALTER TABLE `house` DISABLE KEYS */;
INSERT INTO `house` VALUES (1,1,'AbC1','2234',2,5,'777332334',2,1,'hi','2024-08-06'),(2,1,'2','Colombo Open University',4,2,'0777334337',1,1,'hi','2024-08-06');
/*!40000 ALTER TABLE `house` ENABLE KEYS */;
UNLOCK TABLES;

--
-- Table structure for table `housesstate`
--

DROP TABLE IF EXISTS `housesstate`;
/*!40101 SET @saved_cs_client     = @@character_set_client */;
/*!50503 SET character_set_client = utf8mb4 */;
CREATE TABLE `housesstate` (
  `id` int NOT NULL AUTO_INCREMENT,
  `name` varchar(45) DEFAULT NULL,
  PRIMARY KEY (`id`)
) ENGINE=InnoDB AUTO_INCREMENT=3 DEFAULT CHARSET=utf8mb3;
/*!40101 SET character_set_client = @saved_cs_client */;

--
-- Dumping data for table `housesstate`
--

LOCK TABLES `housesstate` WRITE;
/*!40000 ALTER TABLE `housesstate` DISABLE KEYS */;
INSERT INTO `housesstate` VALUES (1,'Active'),(2,'Pending');
/*!40000 ALTER TABLE `housesstate` ENABLE KEYS */;
UNLOCK TABLES;

--
-- Table structure for table `housetype`
--

DROP TABLE IF EXISTS `housetype`;
/*!40101 SET @saved_cs_client     = @@character_set_client */;
/*!50503 SET character_set_client = utf8mb4 */;
CREATE TABLE `housetype` (
  `id` int NOT NULL AUTO_INCREMENT,
  `name` varchar(45) DEFAULT NULL,
  PRIMARY KEY (`id`)
) ENGINE=InnoDB AUTO_INCREMENT=6 DEFAULT CHARSET=utf8mb3;
/*!40101 SET character_set_client = @saved_cs_client */;

--
-- Dumping data for table `housetype`
--

LOCK TABLES `housetype` WRITE;
/*!40000 ALTER TABLE `housetype` DISABLE KEYS */;
INSERT INTO `housetype` VALUES (1,'Owned'),(2,'Rented'),(3,'Lease'),(4,'Annex'),(5,'Other');
/*!40000 ALTER TABLE `housetype` ENABLE KEYS */;
UNLOCK TABLES;

--
-- Table structure for table `jobstatus`
--

DROP TABLE IF EXISTS `jobstatus`;
/*!40101 SET @saved_cs_client     = @@character_set_client */;
/*!50503 SET character_set_client = utf8mb4 */;
CREATE TABLE `jobstatus` (
  `id` int NOT NULL AUTO_INCREMENT,
  `name` varchar(45) DEFAULT NULL,
  PRIMARY KEY (`id`)
) ENGINE=InnoDB AUTO_INCREMENT=10 DEFAULT CHARSET=utf8mb3;
/*!40101 SET character_set_client = @saved_cs_client */;

--
-- Dumping data for table `jobstatus`
--

LOCK TABLES `jobstatus` WRITE;
/*!40000 ALTER TABLE `jobstatus` DISABLE KEYS */;
INSERT INTO `jobstatus` VALUES (1,'Employed'),(2,'Unemployed'),(3,'Self-employed'),(4,'Retired'),(5,'Student'),(6,'Homemaker'),(7,'Volunteer'),(8,'Freelancer/Contractor'),(9,'Other');
/*!40000 ALTER TABLE `jobstatus` ENABLE KEYS */;
UNLOCK TABLES;

--
-- Table structure for table `masjid`
--

DROP TABLE IF EXISTS `masjid`;
/*!40101 SET @saved_cs_client     = @@character_set_client */;
/*!50503 SET character_set_client = utf8mb4 */;
CREATE TABLE `masjid` (
  `id` int NOT NULL AUTO_INCREMENT,
  `city_id` int NOT NULL,
  `regno` varchar(45) DEFAULT NULL,
  `name` varchar(200) DEFAULT NULL,
  `address` varchar(100) DEFAULT NULL,
  `email` varchar(45) DEFAULT NULL,
  `phone` char(10) DEFAULT NULL,
  `msjtype_id` int NOT NULL,
  `nohouse` int DEFAULT NULL,
  `doestablished` date DEFAULT NULL,
  `photo` longblob,
  `msjstatus_id` int NOT NULL,
  PRIMARY KEY (`id`),
  KEY `fk_masjid_city1_idx` (`city_id`),
  KEY `fk_masjid_msjstatus1_idx` (`msjstatus_id`),
  KEY `fk_masjid_msjtype1_idx` (`msjtype_id`),
  CONSTRAINT `fk_masjid_city1` FOREIGN KEY (`city_id`) REFERENCES `city` (`id`),
  CONSTRAINT `fk_masjid_msjstatus1` FOREIGN KEY (`msjstatus_id`) REFERENCES `msjstatus` (`id`),
  CONSTRAINT `fk_masjid_msjtype1` FOREIGN KEY (`msjtype_id`) REFERENCES `msjtype` (`id`)
) ENGINE=InnoDB AUTO_INCREMENT=23 DEFAULT CHARSET=utf8mb3;
/*!40101 SET character_set_client = @saved_cs_client */;

--
-- Dumping data for table `masjid`
--

LOCK TABLES `masjid` WRITE;
/*!40000 ALTER TABLE `masjid` DISABLE KEYS */;
INSERT INTO `masjid` VALUES (1,1,'R/41/C/08','MASJIDUL JAMIA MOSQUE','JAVA LANE','jamia@gmail.com','0777123546',1,56,'2022-05-05',NULL,1),(2,1,'R/197/B/28','NADVATHUS SHATHULIYA ZAVIATHUL KHAIRIYA','20, SIR HENTRY DE MEL MAWATHA','zaviathul@gmail.com','0777334337',5,50,'2022-12-19',NULL,1),(3,1,'R/259/C/30\n','WEKANDA JUMMA MOSQUE\n','21, WEKANDA JUMMA MASJID MAWATHA\n','jumma@gmail.com\n','777788896',1,102,NULL,NULL,1),(4,1,'R/266/C/31\n','MASJIDUL AAKBAR JUMMA MOSQUE\n','157, KEW ROAD\n','jumma@gmail.com\n','778121571',1,128,NULL,NULL,1),(5,1,'R/508/C/47\n','KOLLUPITIYA JUMMA MOSQUE\n','61, ST. MICHAEL ROAD\n','jumma@gmail.com\n','778454246',1,154,NULL,NULL,1),(6,9,'R/0087/A/01','MOHIYADEEN JUMMA MOSQUE','PATHTHAWA,','paththa@gmail.com','777354689',2,345,NULL,NULL,1),(7,9,'R/0125/A/02','MASJIDUL HUDA JUMMA MOSQUE','KAHATAGASDIGILIYA','kahata@gmail.com','777344621',1,4567,NULL,NULL,2),(8,9,'R/0205/A/04','KEKIRAWA JUMMA MOSQUE','KEKIRAWA','kekirawa@gmail.com','674389021',1,7000,NULL,NULL,1),(9,8,'R/0278/AM/01','MASJIDUL KABEER JUMMA MOSQUE','KALMUNAI','kalimunai@gmail.com','777666332',1,6000,NULL,NULL,1),(10,8,'R/0318/AM/03','NINTAVUR JUMMA MOSQUE','NINTAVUR','nintha@gmail.com','767332134',1,8000,NULL,NULL,1),(11,8,'R/0461/AM/10','PASARICHCHENAI JUMMA MOSQUE','POTTUVIL','pothuvil@gmail.com','87612341',1,732,NULL,NULL,1),(12,8,'R/0756/AM32','OLLUVIL JUMMA MOSQUE','OLLUVIL','oluvil@gmail.com','767444331',1,800,NULL,NULL,1),(13,13,'R/270/K/39','PANGOLLAMADA JUMMA MOSQUE','PANGOLLAMADA, RATHUKOHODEEGALA','akurana@gamial.co','2222222',2,455,NULL,NULL,1),(14,13,'R/1297/K/131','AL MADRASATHUL NOOR THAKKIYA','KURUGODA','kurugoda@gmail.com','777456221',3,900,NULL,NULL,1),(15,13,'R/2619/K/316','HAMEEDIYA JUMMAH MOSQUE','UGGALA,AKURANA','zaviathul@gmail.com','777456221',1,300,NULL,NULL,1),(16,13,'R/2417/K/276','AL MASJIDUL AHSAN','THAPPA MAHALLA, PANGOLLAMADA,','zaviathul@gmail.com','777456221',1,8000,NULL,NULL,1),(17,13,'R/2406/K/275','THAQWA JUMMAH MASJID','THELUMBUGAHAWATTE','zaviathul@gmail.com','777456221',2,6555,NULL,NULL,1),(18,13,'R/2586/K/304','SINNA PALLI','29, KURUGODA','zaviathul@gmail.com','0777456221',1,60,'2024-08-07',NULL,1),(19,13,'R/2595/K/312','MASJIDUL SAFA','HINGURUMUDUNA ROAD THELUMBUGAHAWATTE','zaviathul@gmail.com','777456221',3,600,NULL,NULL,1),(20,13,'R/2329/K/255','ARAFA JUMMAH MASJID','397/B BULUGOHATENNE','zaviathul@gmail.com','777456221',1,456,NULL,NULL,1),(21,1,'R/41/D/28','TEST','123 DEMATAG','TEST@GMAIL.COM','0777334337',1,20,'2024-08-01',_binary 'assets/default.png',1);
/*!40000 ALTER TABLE `masjid` ENABLE KEYS */;
UNLOCK TABLES;

--
-- Table structure for table `member`
--

DROP TABLE IF EXISTS `member`;
/*!40101 SET @saved_cs_client     = @@character_set_client */;
/*!50503 SET character_set_client = utf8mb4 */;
CREATE TABLE `member` (
  `id` int NOT NULL AUTO_INCREMENT,
  `fullname` varchar(150) DEFAULT NULL,
  `callingname` varchar(45) DEFAULT NULL,
  `photo` longblob,
  `dob` date DEFAULT NULL,
  `nic` char(12) DEFAULT NULL,
  `gender_id` int NOT NULL,
  `civilstatus_id` int NOT NULL,
  `memberstatus_id` int NOT NULL,
  `doregister` date DEFAULT NULL,
  `employee_id` int NOT NULL,
  `jobstatus_id` int NOT NULL,
  `membertype_id` int NOT NULL,
  `house_id` int NOT NULL,
  PRIMARY KEY (`id`),
  KEY `fk_member_gender1_idx` (`gender_id`),
  KEY `fk_member_civilstatus1_idx` (`civilstatus_id`),
  KEY `fk_member_memberstatus1_idx` (`memberstatus_id`),
  KEY `fk_member_employee1_idx` (`employee_id`),
  KEY `fk_member_jobstatus1_idx` (`jobstatus_id`),
  KEY `fk_member_membertype1_idx` (`membertype_id`),
  KEY `fk_member_house1_idx` (`house_id`),
  CONSTRAINT `fk_member_civilstatus1` FOREIGN KEY (`civilstatus_id`) REFERENCES `civilstatus` (`id`),
  CONSTRAINT `fk_member_employee1` FOREIGN KEY (`employee_id`) REFERENCES `employee` (`id`),
  CONSTRAINT `fk_member_gender1` FOREIGN KEY (`gender_id`) REFERENCES `gender` (`id`),
  CONSTRAINT `fk_member_house1` FOREIGN KEY (`house_id`) REFERENCES `house` (`id`),
  CONSTRAINT `fk_member_jobstatus1` FOREIGN KEY (`jobstatus_id`) REFERENCES `jobstatus` (`id`),
  CONSTRAINT `fk_member_memberstatus1` FOREIGN KEY (`memberstatus_id`) REFERENCES `memberstatus` (`id`),
  CONSTRAINT `fk_member_membertype1` FOREIGN KEY (`membertype_id`) REFERENCES `membertype` (`id`)
) ENGINE=InnoDB AUTO_INCREMENT=5 DEFAULT CHARSET=utf8mb3;
/*!40101 SET character_set_client = @saved_cs_client */;

--
-- Dumping data for table `member`
--

LOCK TABLES `member` WRITE;
/*!40000 ALTER TABLE `member` DISABLE KEYS */;
INSERT INTO `member` VALUES (2,'Riyaz','RIYAz',NULL,'1977-09-16','77265999V',1,4,1,'2024-08-10',1,1,1,1),(4,'test','ddd',NULL,'2024-08-08','dddd',1,4,2,NULL,3,2,2,1);
/*!40000 ALTER TABLE `member` ENABLE KEYS */;
UNLOCK TABLES;

--
-- Table structure for table `memberstatus`
--

DROP TABLE IF EXISTS `memberstatus`;
/*!40101 SET @saved_cs_client     = @@character_set_client */;
/*!50503 SET character_set_client = utf8mb4 */;
CREATE TABLE `memberstatus` (
  `id` int NOT NULL AUTO_INCREMENT,
  `name` varchar(45) DEFAULT NULL,
  PRIMARY KEY (`id`)
) ENGINE=InnoDB AUTO_INCREMENT=6 DEFAULT CHARSET=utf8mb3;
/*!40101 SET character_set_client = @saved_cs_client */;

--
-- Dumping data for table `memberstatus`
--

LOCK TABLES `memberstatus` WRITE;
/*!40000 ALTER TABLE `memberstatus` DISABLE KEYS */;
INSERT INTO `memberstatus` VALUES (1,'Active'),(2,'Inactive'),(3,'Pending'),(4,'Suspended'),(5,'Deceased');
/*!40000 ALTER TABLE `memberstatus` ENABLE KEYS */;
UNLOCK TABLES;

--
-- Table structure for table `membertype`
--

DROP TABLE IF EXISTS `membertype`;
/*!40101 SET @saved_cs_client     = @@character_set_client */;
/*!50503 SET character_set_client = utf8mb4 */;
CREATE TABLE `membertype` (
  `id` int NOT NULL AUTO_INCREMENT,
  `name` varchar(45) DEFAULT NULL,
  PRIMARY KEY (`id`)
) ENGINE=InnoDB AUTO_INCREMENT=4 DEFAULT CHARSET=utf8mb3;
/*!40101 SET character_set_client = @saved_cs_client */;

--
-- Dumping data for table `membertype`
--

LOCK TABLES `membertype` WRITE;
/*!40000 ALTER TABLE `membertype` DISABLE KEYS */;
INSERT INTO `membertype` VALUES (1,'Chief'),(2,'Spouce'),(3,'Children');
/*!40000 ALTER TABLE `membertype` ENABLE KEYS */;
UNLOCK TABLES;

--
-- Table structure for table `module`
--

DROP TABLE IF EXISTS `module`;
/*!40101 SET @saved_cs_client     = @@character_set_client */;
/*!50503 SET character_set_client = utf8mb4 */;
CREATE TABLE `module` (
  `id` int NOT NULL AUTO_INCREMENT,
  `name` varchar(45) DEFAULT NULL,
  PRIMARY KEY (`id`)
) ENGINE=InnoDB AUTO_INCREMENT=4 DEFAULT CHARSET=utf8mb3;
/*!40101 SET character_set_client = @saved_cs_client */;

--
-- Dumping data for table `module`
--

LOCK TABLES `module` WRITE;
/*!40000 ALTER TABLE `module` DISABLE KEYS */;
INSERT INTO `module` VALUES (1,'Emp Reporte'),(2,'MsjType'),(3,'MsjCity');
/*!40000 ALTER TABLE `module` ENABLE KEYS */;
UNLOCK TABLES;

--
-- Table structure for table `moulavi`
--

DROP TABLE IF EXISTS `moulavi`;
/*!40101 SET @saved_cs_client     = @@character_set_client */;
/*!50503 SET character_set_client = utf8mb4 */;
CREATE TABLE `moulavi` (
  `id` int NOT NULL AUTO_INCREMENT,
  `name` varchar(45) DEFAULT NULL,
  `regnumber` varchar(45) DEFAULT NULL,
  PRIMARY KEY (`id`)
) ENGINE=InnoDB AUTO_INCREMENT=5 DEFAULT CHARSET=utf8mb3;
/*!40101 SET character_set_client = @saved_cs_client */;

--
-- Dumping data for table `moulavi`
--

LOCK TABLES `moulavi` WRITE;
/*!40000 ALTER TABLE `moulavi` DISABLE KEYS */;
INSERT INTO `moulavi` VALUES (1,'Moulavi Ihsan','ACJU001'),(2,'Moulavi Rizmi','ACJU221'),(3,'Moulavi Yaseer','SSD234'),(4,'Moulavi Arkam','JJ1WE234');
/*!40000 ALTER TABLE `moulavi` ENABLE KEYS */;
UNLOCK TABLES;

--
-- Table structure for table `msjstatus`
--

DROP TABLE IF EXISTS `msjstatus`;
/*!40101 SET @saved_cs_client     = @@character_set_client */;
/*!50503 SET character_set_client = utf8mb4 */;
CREATE TABLE `msjstatus` (
  `id` int NOT NULL AUTO_INCREMENT,
  `name` varchar(25) DEFAULT NULL,
  PRIMARY KEY (`id`)
) ENGINE=InnoDB AUTO_INCREMENT=4 DEFAULT CHARSET=utf8mb3;
/*!40101 SET character_set_client = @saved_cs_client */;

--
-- Dumping data for table `msjstatus`
--

LOCK TABLES `msjstatus` WRITE;
/*!40000 ALTER TABLE `msjstatus` DISABLE KEYS */;
INSERT INTO `msjstatus` VALUES (1,'Registered'),(2,'Not Registered'),(3,'Pending');
/*!40000 ALTER TABLE `msjstatus` ENABLE KEYS */;
UNLOCK TABLES;

--
-- Table structure for table `msjtype`
--

DROP TABLE IF EXISTS `msjtype`;
/*!40101 SET @saved_cs_client     = @@character_set_client */;
/*!50503 SET character_set_client = utf8mb4 */;
CREATE TABLE `msjtype` (
  `id` int NOT NULL AUTO_INCREMENT,
  `name` varchar(45) DEFAULT NULL,
  PRIMARY KEY (`id`)
) ENGINE=InnoDB AUTO_INCREMENT=8 DEFAULT CHARSET=utf8mb3;
/*!40101 SET character_set_client = @saved_cs_client */;

--
-- Dumping data for table `msjtype`
--

LOCK TABLES `msjtype` WRITE;
/*!40000 ALTER TABLE `msjtype` DISABLE KEYS */;
INSERT INTO `msjtype` VALUES (1,'Jummah Masjid'),(2,'Shrine'),(3,'Thareeqa'),(4,'Masjid'),(5,'Zavia'),(7,'TRUST');
/*!40000 ALTER TABLE `msjtype` ENABLE KEYS */;
UNLOCK TABLES;

--
-- Table structure for table `operation`
--

DROP TABLE IF EXISTS `operation`;
/*!40101 SET @saved_cs_client     = @@character_set_client */;
/*!50503 SET character_set_client = utf8mb4 */;
CREATE TABLE `operation` (
  `id` int NOT NULL AUTO_INCREMENT,
  `name` varchar(45) DEFAULT NULL,
  `module_id` int DEFAULT NULL,
  `opetype_id` int NOT NULL,
  PRIMARY KEY (`id`),
  KEY `fk_operation_module1_idx` (`module_id`),
  KEY `fk_operation_opetype1_idx` (`opetype_id`),
  CONSTRAINT `fk_operation_module1` FOREIGN KEY (`module_id`) REFERENCES `module` (`id`),
  CONSTRAINT `fk_operation_opetype1` FOREIGN KEY (`opetype_id`) REFERENCES `opetype` (`id`)
) ENGINE=InnoDB DEFAULT CHARSET=utf8mb3;
/*!40101 SET character_set_client = @saved_cs_client */;

--
-- Dumping data for table `operation`
--

LOCK TABLES `operation` WRITE;
/*!40000 ALTER TABLE `operation` DISABLE KEYS */;
/*!40000 ALTER TABLE `operation` ENABLE KEYS */;
UNLOCK TABLES;

--
-- Table structure for table `opetype`
--

DROP TABLE IF EXISTS `opetype`;
/*!40101 SET @saved_cs_client     = @@character_set_client */;
/*!50503 SET character_set_client = utf8mb4 */;
CREATE TABLE `opetype` (
  `id` int NOT NULL AUTO_INCREMENT,
  `name` varchar(45) DEFAULT NULL,
  PRIMARY KEY (`id`)
) ENGINE=InnoDB DEFAULT CHARSET=utf8mb3;
/*!40101 SET character_set_client = @saved_cs_client */;

--
-- Dumping data for table `opetype`
--

LOCK TABLES `opetype` WRITE;
/*!40000 ALTER TABLE `opetype` DISABLE KEYS */;
/*!40000 ALTER TABLE `opetype` ENABLE KEYS */;
UNLOCK TABLES;

--
-- Table structure for table `payment`
--

DROP TABLE IF EXISTS `payment`;
/*!40101 SET @saved_cs_client     = @@character_set_client */;
/*!50503 SET character_set_client = utf8mb4 */;
CREATE TABLE `payment` (
  `id` int NOT NULL AUTO_INCREMENT,
  `masjid_id` int NOT NULL,
  `employee_id` int NOT NULL,
  `paymenttype_id` int NOT NULL,
  `dopaid` date DEFAULT NULL,
  `amount` decimal(9,2) DEFAULT NULL,
  `description` text,
  `paymentstatus_id` int NOT NULL,
  PRIMARY KEY (`id`),
  KEY `fk_payment_paymentstatus1_idx` (`paymentstatus_id`),
  KEY `fk_payment_paymenttype1_idx` (`paymenttype_id`),
  KEY `fk_payment_employee1_idx` (`employee_id`),
  KEY `fk_payment_masjid1_idx` (`masjid_id`),
  CONSTRAINT `fk_payment_employee1` FOREIGN KEY (`employee_id`) REFERENCES `employee` (`id`),
  CONSTRAINT `fk_payment_masjid1` FOREIGN KEY (`masjid_id`) REFERENCES `masjid` (`id`),
  CONSTRAINT `fk_payment_paymentstatus1` FOREIGN KEY (`paymentstatus_id`) REFERENCES `paymentstatus` (`id`),
  CONSTRAINT `fk_payment_paymenttype1` FOREIGN KEY (`paymenttype_id`) REFERENCES `paymenttype` (`id`)
) ENGINE=InnoDB DEFAULT CHARSET=utf8mb3;
/*!40101 SET character_set_client = @saved_cs_client */;

--
-- Dumping data for table `payment`
--

LOCK TABLES `payment` WRITE;
/*!40000 ALTER TABLE `payment` DISABLE KEYS */;
/*!40000 ALTER TABLE `payment` ENABLE KEYS */;
UNLOCK TABLES;

--
-- Table structure for table `paymentstatus`
--

DROP TABLE IF EXISTS `paymentstatus`;
/*!40101 SET @saved_cs_client     = @@character_set_client */;
/*!50503 SET character_set_client = utf8mb4 */;
CREATE TABLE `paymentstatus` (
  `id` int NOT NULL,
  `name` varchar(45) DEFAULT NULL,
  PRIMARY KEY (`id`)
) ENGINE=InnoDB DEFAULT CHARSET=utf8mb3;
/*!40101 SET character_set_client = @saved_cs_client */;

--
-- Dumping data for table `paymentstatus`
--

LOCK TABLES `paymentstatus` WRITE;
/*!40000 ALTER TABLE `paymentstatus` DISABLE KEYS */;
/*!40000 ALTER TABLE `paymentstatus` ENABLE KEYS */;
UNLOCK TABLES;

--
-- Table structure for table `paymenttype`
--

DROP TABLE IF EXISTS `paymenttype`;
/*!40101 SET @saved_cs_client     = @@character_set_client */;
/*!50503 SET character_set_client = utf8mb4 */;
CREATE TABLE `paymenttype` (
  `id` int NOT NULL AUTO_INCREMENT,
  `name` varchar(45) DEFAULT NULL,
  PRIMARY KEY (`id`)
) ENGINE=InnoDB DEFAULT CHARSET=utf8mb3;
/*!40101 SET character_set_client = @saved_cs_client */;

--
-- Dumping data for table `paymenttype`
--

LOCK TABLES `paymenttype` WRITE;
/*!40000 ALTER TABLE `paymenttype` DISABLE KEYS */;
/*!40000 ALTER TABLE `paymenttype` ENABLE KEYS */;
UNLOCK TABLES;

--
-- Table structure for table `privilege`
--

DROP TABLE IF EXISTS `privilege`;
/*!40101 SET @saved_cs_client     = @@character_set_client */;
/*!50503 SET character_set_client = utf8mb4 */;
CREATE TABLE `privilege` (
  `id` int NOT NULL AUTO_INCREMENT,
  `role_id` int NOT NULL,
  `module_id` int NOT NULL,
  `operation_id` int NOT NULL,
  `authority` varchar(45) DEFAULT NULL,
  PRIMARY KEY (`id`),
  KEY `fk_privilage_role1_idx` (`role_id`),
  KEY `fk_privilage_module1_idx` (`module_id`),
  KEY `fk_privilage_operation1_idx` (`operation_id`),
  CONSTRAINT `fk_privilage_module1` FOREIGN KEY (`module_id`) REFERENCES `module` (`id`),
  CONSTRAINT `fk_privilage_operation1` FOREIGN KEY (`operation_id`) REFERENCES `operation` (`id`),
  CONSTRAINT `fk_privilage_role1` FOREIGN KEY (`role_id`) REFERENCES `role` (`id`)
) ENGINE=InnoDB DEFAULT CHARSET=utf8mb3;
/*!40101 SET character_set_client = @saved_cs_client */;

--
-- Dumping data for table `privilege`
--

LOCK TABLES `privilege` WRITE;
/*!40000 ALTER TABLE `privilege` DISABLE KEYS */;
/*!40000 ALTER TABLE `privilege` ENABLE KEYS */;
UNLOCK TABLES;

--
-- Table structure for table `province`
--

DROP TABLE IF EXISTS `province`;
/*!40101 SET @saved_cs_client     = @@character_set_client */;
/*!50503 SET character_set_client = utf8mb4 */;
CREATE TABLE `province` (
  `id` int NOT NULL AUTO_INCREMENT,
  `name` varchar(45) DEFAULT NULL,
  PRIMARY KEY (`id`)
) ENGINE=InnoDB AUTO_INCREMENT=10 DEFAULT CHARSET=utf8mb3;
/*!40101 SET character_set_client = @saved_cs_client */;

--
-- Dumping data for table `province`
--

LOCK TABLES `province` WRITE;
/*!40000 ALTER TABLE `province` DISABLE KEYS */;
INSERT INTO `province` VALUES (1,'Northern'),(2,'North Western'),(3,'Western'),(4,'North Central'),(5,'Central'),(6,'Sabaragamuwa'),(7,'Eastern'),(8,'Uva'),(9,'Southern');
/*!40000 ALTER TABLE `province` ENABLE KEYS */;
UNLOCK TABLES;

--
-- Table structure for table `receive`
--

DROP TABLE IF EXISTS `receive`;
/*!40101 SET @saved_cs_client     = @@character_set_client */;
/*!50503 SET character_set_client = utf8mb4 */;
CREATE TABLE `receive` (
  `id` int NOT NULL AUTO_INCREMENT,
  `date` datetime DEFAULT NULL,
  `amount` decimal(9,2) DEFAULT NULL,
  `receivecategory_id` int NOT NULL,
  `member_id` int DEFAULT NULL,
  `sandah_id` int DEFAULT NULL,
  `receivestatus_id` int NOT NULL,
  `description` text,
  `masjid_id` int NOT NULL,
  `employee_id` int NOT NULL,
  PRIMARY KEY (`id`),
  KEY `fk_receive_receivestatus1_idx` (`receivestatus_id`),
  KEY `fk_receive_receivecategory1_idx` (`receivecategory_id`),
  KEY `fk_receive_sandah1_idx` (`sandah_id`),
  KEY `fk_receive_masjid1_idx` (`masjid_id`),
  KEY `fk_receive_member1_idx` (`member_id`),
  KEY `fk_receive_employee1_idx` (`employee_id`),
  CONSTRAINT `fk_receive_employee1` FOREIGN KEY (`employee_id`) REFERENCES `employee` (`id`),
  CONSTRAINT `fk_receive_masjid1` FOREIGN KEY (`masjid_id`) REFERENCES `masjid` (`id`),
  CONSTRAINT `fk_receive_member1` FOREIGN KEY (`member_id`) REFERENCES `member` (`id`),
  CONSTRAINT `fk_receive_receivecategory1` FOREIGN KEY (`receivecategory_id`) REFERENCES `receivecategory` (`id`),
  CONSTRAINT `fk_receive_receivestatus1` FOREIGN KEY (`receivestatus_id`) REFERENCES `receivestatus` (`id`),
  CONSTRAINT `fk_receive_sandah1` FOREIGN KEY (`sandah_id`) REFERENCES `sandah` (`id`)
) ENGINE=InnoDB DEFAULT CHARSET=utf8mb3;
/*!40101 SET character_set_client = @saved_cs_client */;

--
-- Dumping data for table `receive`
--

LOCK TABLES `receive` WRITE;
/*!40000 ALTER TABLE `receive` DISABLE KEYS */;
/*!40000 ALTER TABLE `receive` ENABLE KEYS */;
UNLOCK TABLES;

--
-- Table structure for table `receivecategory`
--

DROP TABLE IF EXISTS `receivecategory`;
/*!40101 SET @saved_cs_client     = @@character_set_client */;
/*!50503 SET character_set_client = utf8mb4 */;
CREATE TABLE `receivecategory` (
  `id` int NOT NULL AUTO_INCREMENT,
  `name` varchar(45) DEFAULT NULL,
  PRIMARY KEY (`id`)
) ENGINE=InnoDB DEFAULT CHARSET=utf8mb3;
/*!40101 SET character_set_client = @saved_cs_client */;

--
-- Dumping data for table `receivecategory`
--

LOCK TABLES `receivecategory` WRITE;
/*!40000 ALTER TABLE `receivecategory` DISABLE KEYS */;
/*!40000 ALTER TABLE `receivecategory` ENABLE KEYS */;
UNLOCK TABLES;

--
-- Table structure for table `receivestatus`
--

DROP TABLE IF EXISTS `receivestatus`;
/*!40101 SET @saved_cs_client     = @@character_set_client */;
/*!50503 SET character_set_client = utf8mb4 */;
CREATE TABLE `receivestatus` (
  `id` int NOT NULL AUTO_INCREMENT,
  `name` varchar(45) DEFAULT NULL,
  PRIMARY KEY (`id`)
) ENGINE=InnoDB DEFAULT CHARSET=utf8mb3;
/*!40101 SET character_set_client = @saved_cs_client */;

--
-- Dumping data for table `receivestatus`
--

LOCK TABLES `receivestatus` WRITE;
/*!40000 ALTER TABLE `receivestatus` DISABLE KEYS */;
/*!40000 ALTER TABLE `receivestatus` ENABLE KEYS */;
UNLOCK TABLES;

--
-- Table structure for table `role`
--

DROP TABLE IF EXISTS `role`;
/*!40101 SET @saved_cs_client     = @@character_set_client */;
/*!50503 SET character_set_client = utf8mb4 */;
CREATE TABLE `role` (
  `id` int NOT NULL AUTO_INCREMENT,
  `name` varchar(45) DEFAULT NULL,
  PRIMARY KEY (`id`)
) ENGINE=InnoDB AUTO_INCREMENT=6 DEFAULT CHARSET=utf8mb3;
/*!40101 SET character_set_client = @saved_cs_client */;

--
-- Dumping data for table `role`
--

LOCK TABLES `role` WRITE;
/*!40000 ALTER TABLE `role` DISABLE KEYS */;
INSERT INTO `role` VALUES (1,'Admin'),(2,'Accountant'),(3,'Collection Staff'),(4,'Content Development'),(5,'Masjid Manager');
/*!40000 ALTER TABLE `role` ENABLE KEYS */;
UNLOCK TABLES;

--
-- Table structure for table `rout`
--

DROP TABLE IF EXISTS `rout`;
/*!40101 SET @saved_cs_client     = @@character_set_client */;
/*!50503 SET character_set_client = utf8mb4 */;
CREATE TABLE `rout` (
  `id` int NOT NULL AUTO_INCREMENT,
  `name` varchar(45) DEFAULT NULL,
  `masjid_id` int NOT NULL,
  PRIMARY KEY (`id`),
  KEY `fk_root_masjid1_idx` (`masjid_id`),
  CONSTRAINT `fk_root_masjid1` FOREIGN KEY (`masjid_id`) REFERENCES `masjid` (`id`)
) ENGINE=InnoDB AUTO_INCREMENT=11 DEFAULT CHARSET=utf8mb3;
/*!40101 SET character_set_client = @saved_cs_client */;

--
-- Dumping data for table `rout`
--

LOCK TABLES `rout` WRITE;
/*!40000 ALTER TABLE `rout` DISABLE KEYS */;
INSERT INTO `rout` VALUES (1,'School Lane',1),(2,'Ketawalamulla',1),(3,'Gospel Lane',1),(4,'Mallikarama',2),(5,'Route A',3),(6,'Route B',3),(7,'Route C',4),(8,'Route D',4),(9,'Route E',1),(10,'Route F',2);
/*!40000 ALTER TABLE `rout` ENABLE KEYS */;
UNLOCK TABLES;

--
-- Table structure for table `salahtime`
--

DROP TABLE IF EXISTS `salahtime`;
/*!40101 SET @saved_cs_client     = @@character_set_client */;
/*!50503 SET character_set_client = utf8mb4 */;
CREATE TABLE `salahtime` (
  `id` int NOT NULL AUTO_INCREMENT,
  `fajr` time DEFAULT NULL,
  `luhar` time DEFAULT NULL,
  `asr` time DEFAULT NULL,
  `magrib` time DEFAULT NULL,
  `isha` time DEFAULT NULL,
  `date` date DEFAULT NULL,
  PRIMARY KEY (`id`)
) ENGINE=InnoDB AUTO_INCREMENT=3 DEFAULT CHARSET=utf8mb3;
/*!40101 SET character_set_client = @saved_cs_client */;

--
-- Dumping data for table `salahtime`
--

LOCK TABLES `salahtime` WRITE;
/*!40000 ALTER TABLE `salahtime` DISABLE KEYS */;
INSERT INTO `salahtime` VALUES (1,'05:10:00','12:10:00','15:10:00','18:10:00','20:10:00','2024-08-11'),(2,'05:11:00','12:10:00','15:11:00','18:11:00','20:11:00','2024-08-12');
/*!40000 ALTER TABLE `salahtime` ENABLE KEYS */;
UNLOCK TABLES;

--
-- Table structure for table `sandah`
--

DROP TABLE IF EXISTS `sandah`;
/*!40101 SET @saved_cs_client     = @@character_set_client */;
/*!50503 SET character_set_client = utf8mb4 */;
CREATE TABLE `sandah` (
  `id` int NOT NULL AUTO_INCREMENT,
  `amount` decimal(9,2) DEFAULT NULL,
  `referencenumber` varchar(45) DEFAULT NULL,
  `date` date DEFAULT NULL,
  `time` time DEFAULT NULL,
  `description` text,
  `sandahstatus_id` int NOT NULL,
  `sandahtype_id` int NOT NULL,
  `sandahmode_id` int NOT NULL,
  `house_id` int NOT NULL,
  `member_id` int DEFAULT NULL,
  PRIMARY KEY (`id`),
  KEY `fk_sandah_sandahstatus1_idx` (`sandahstatus_id`),
  KEY `fk_sandah_sandahtype1_idx` (`sandahtype_id`),
  KEY `fk_sandah_sandahmode1_idx` (`sandahmode_id`),
  KEY `fk_sandah_house1_idx` (`house_id`),
  KEY `fk_sandah_member1_idx` (`member_id`),
  CONSTRAINT `fk_sandah_house1` FOREIGN KEY (`house_id`) REFERENCES `house` (`id`),
  CONSTRAINT `fk_sandah_member1` FOREIGN KEY (`member_id`) REFERENCES `member` (`id`),
  CONSTRAINT `fk_sandah_sandahmode1` FOREIGN KEY (`sandahmode_id`) REFERENCES `sandahmode` (`id`),
  CONSTRAINT `fk_sandah_sandahstatus1` FOREIGN KEY (`sandahstatus_id`) REFERENCES `sandahstatus` (`id`),
  CONSTRAINT `fk_sandah_sandahtype1` FOREIGN KEY (`sandahtype_id`) REFERENCES `sandahtype` (`id`)
) ENGINE=InnoDB AUTO_INCREMENT=23 DEFAULT CHARSET=utf8mb3;
/*!40101 SET character_set_client = @saved_cs_client */;

--
-- Dumping data for table `sandah`
--

LOCK TABLES `sandah` WRITE;
/*!40000 ALTER TABLE `sandah` DISABLE KEYS */;
INSERT INTO `sandah` VALUES (21,100.00,'scccd2345','2023-10-01',NULL,NULL,1,1,1,1,2);
/*!40000 ALTER TABLE `sandah` ENABLE KEYS */;
UNLOCK TABLES;

--
-- Table structure for table `sandahmode`
--

DROP TABLE IF EXISTS `sandahmode`;
/*!40101 SET @saved_cs_client     = @@character_set_client */;
/*!50503 SET character_set_client = utf8mb4 */;
CREATE TABLE `sandahmode` (
  `id` int NOT NULL AUTO_INCREMENT,
  `name` varchar(45) DEFAULT NULL,
  PRIMARY KEY (`id`)
) ENGINE=InnoDB AUTO_INCREMENT=5 DEFAULT CHARSET=utf8mb3;
/*!40101 SET character_set_client = @saved_cs_client */;

--
-- Dumping data for table `sandahmode`
--

LOCK TABLES `sandahmode` WRITE;
/*!40000 ALTER TABLE `sandahmode` DISABLE KEYS */;
INSERT INTO `sandahmode` VALUES (1,'Cash'),(2,'Cheque'),(3,'Bank Transfer'),(4,'other');
/*!40000 ALTER TABLE `sandahmode` ENABLE KEYS */;
UNLOCK TABLES;

--
-- Table structure for table `sandahstatus`
--

DROP TABLE IF EXISTS `sandahstatus`;
/*!40101 SET @saved_cs_client     = @@character_set_client */;
/*!50503 SET character_set_client = utf8mb4 */;
CREATE TABLE `sandahstatus` (
  `id` int NOT NULL AUTO_INCREMENT,
  `name` varchar(45) DEFAULT NULL,
  PRIMARY KEY (`id`)
) ENGINE=InnoDB AUTO_INCREMENT=6 DEFAULT CHARSET=utf8mb3;
/*!40101 SET character_set_client = @saved_cs_client */;

--
-- Dumping data for table `sandahstatus`
--

LOCK TABLES `sandahstatus` WRITE;
/*!40000 ALTER TABLE `sandahstatus` DISABLE KEYS */;
INSERT INTO `sandahstatus` VALUES (1,'Success'),(2,'Failed'),(3,'Cancelled'),(4,'Refunded'),(5,'On Hold');
/*!40000 ALTER TABLE `sandahstatus` ENABLE KEYS */;
UNLOCK TABLES;

--
-- Table structure for table `sandahtype`
--

DROP TABLE IF EXISTS `sandahtype`;
/*!40101 SET @saved_cs_client     = @@character_set_client */;
/*!50503 SET character_set_client = utf8mb4 */;
CREATE TABLE `sandahtype` (
  `id` int NOT NULL,
  `name` varchar(45) DEFAULT NULL,
  PRIMARY KEY (`id`)
) ENGINE=InnoDB DEFAULT CHARSET=utf8mb3;
/*!40101 SET character_set_client = @saved_cs_client */;

--
-- Dumping data for table `sandahtype`
--

LOCK TABLES `sandahtype` WRITE;
/*!40000 ALTER TABLE `sandahtype` DISABLE KEYS */;
INSERT INTO `sandahtype` VALUES (1,'Subscription'),(2,'Ramazan Poridge'),(3,'Mowlood Contribution'),(4,'Imam Meals Contribution'),(5,'Event Collection'),(6,'Rental Income'),(7,'Other');
/*!40000 ALTER TABLE `sandahtype` ENABLE KEYS */;
UNLOCK TABLES;

--
-- Table structure for table `sermon`
--

DROP TABLE IF EXISTS `sermon`;
/*!40101 SET @saved_cs_client     = @@character_set_client */;
/*!50503 SET character_set_client = utf8mb4 */;
CREATE TABLE `sermon` (
  `id` int NOT NULL AUTO_INCREMENT,
  `date` date DEFAULT NULL,
  `masjid_id` int NOT NULL,
  `moulavi_id` int NOT NULL,
  `sermonstatus_id` int NOT NULL,
  `description` text,
  `start` time DEFAULT NULL,
  `end` time DEFAULT NULL,
  `employee_id` int NOT NULL,
  `dateupdate` datetime DEFAULT NULL,
  PRIMARY KEY (`id`),
  KEY `fk_sermon_masjid1_idx` (`masjid_id`),
  KEY `fk_sermon_moulavi1_idx` (`moulavi_id`),
  KEY `fk_sermon_sermonstatus1_idx` (`sermonstatus_id`),
  KEY `fk_sermon_employee1_idx` (`employee_id`),
  CONSTRAINT `fk_sermon_employee1` FOREIGN KEY (`employee_id`) REFERENCES `employee` (`id`),
  CONSTRAINT `fk_sermon_masjid1` FOREIGN KEY (`masjid_id`) REFERENCES `masjid` (`id`),
  CONSTRAINT `fk_sermon_moulavi1` FOREIGN KEY (`moulavi_id`) REFERENCES `moulavi` (`id`),
  CONSTRAINT `fk_sermon_sermonstatus1` FOREIGN KEY (`sermonstatus_id`) REFERENCES `sermonstatus` (`id`)
) ENGINE=InnoDB AUTO_INCREMENT=6 DEFAULT CHARSET=utf8mb3;
/*!40101 SET character_set_client = @saved_cs_client */;

--
-- Dumping data for table `sermon`
--

LOCK TABLES `sermon` WRITE;
/*!40000 ALTER TABLE `sermon` DISABLE KEYS */;
INSERT INTO `sermon` VALUES (4,'2024-08-06',5,1,2,'Jummah',NULL,NULL,1,NULL),(5,'2024-08-07',2,2,2,'testing',NULL,NULL,1,NULL);
/*!40000 ALTER TABLE `sermon` ENABLE KEYS */;
UNLOCK TABLES;

--
-- Table structure for table `sermonstatus`
--

DROP TABLE IF EXISTS `sermonstatus`;
/*!40101 SET @saved_cs_client     = @@character_set_client */;
/*!50503 SET character_set_client = utf8mb4 */;
CREATE TABLE `sermonstatus` (
  `id` int NOT NULL AUTO_INCREMENT,
  `name` varchar(45) DEFAULT NULL,
  PRIMARY KEY (`id`)
) ENGINE=InnoDB AUTO_INCREMENT=6 DEFAULT CHARSET=utf8mb3;
/*!40101 SET character_set_client = @saved_cs_client */;

--
-- Dumping data for table `sermonstatus`
--

LOCK TABLES `sermonstatus` WRITE;
/*!40000 ALTER TABLE `sermonstatus` DISABLE KEYS */;
INSERT INTO `sermonstatus` VALUES (1,'Confirmed'),(2,'Pending'),(3,'Postponed'),(4,'Rescheduled'),(5,'Done');
/*!40000 ALTER TABLE `sermonstatus` ENABLE KEYS */;
UNLOCK TABLES;

--
-- Table structure for table `trustee`
--

DROP TABLE IF EXISTS `trustee`;
/*!40101 SET @saved_cs_client     = @@character_set_client */;
/*!50503 SET character_set_client = utf8mb4 */;
CREATE TABLE `trustee` (
  `id` int NOT NULL AUTO_INCREMENT,
  `name` varchar(100) DEFAULT NULL,
  `masjid_id` int NOT NULL,
  PRIMARY KEY (`id`),
  KEY `fk_trustee_masjid1_idx` (`masjid_id`),
  CONSTRAINT `fk_trustee_masjid1` FOREIGN KEY (`masjid_id`) REFERENCES `masjid` (`id`)
) ENGINE=InnoDB AUTO_INCREMENT=5 DEFAULT CHARSET=utf8mb3;
/*!40101 SET character_set_client = @saved_cs_client */;

--
-- Dumping data for table `trustee`
--

LOCK TABLES `trustee` WRITE;
/*!40000 ALTER TABLE `trustee` DISABLE KEYS */;
INSERT INTO `trustee` VALUES (1,'AC RIYAZ MOHAMED',2),(2,'MOHAMED SUHAIL',1),(3,'AL HAJ MUJEEB',1),(4,'Brother Akram',2);
/*!40000 ALTER TABLE `trustee` ENABLE KEYS */;
UNLOCK TABLES;

--
-- Table structure for table `user`
--

DROP TABLE IF EXISTS `user`;
/*!40101 SET @saved_cs_client     = @@character_set_client */;
/*!50503 SET character_set_client = utf8mb4 */;
CREATE TABLE `user` (
  `id` int NOT NULL AUTO_INCREMENT,
  `employee_id` int NOT NULL,
  `username` varchar(45) DEFAULT NULL,
  `password` varchar(255) DEFAULT NULL,
  `salt` varchar(255) DEFAULT NULL,
  `docreated` date DEFAULT NULL,
  `tocreated` time DEFAULT NULL,
  `description` text,
  `usestatus_id` int NOT NULL,
  `usetype_id` int NOT NULL,
  `user_id` int NOT NULL,
  PRIMARY KEY (`id`),
  KEY `fk_user_usestatus1_idx` (`usestatus_id`),
  KEY `fk_user_employee1_idx` (`employee_id`),
  KEY `fk_user_usetype1_idx` (`usetype_id`),
  KEY `fk_user_user1_idx` (`user_id`),
  CONSTRAINT `fk_user_employee1` FOREIGN KEY (`employee_id`) REFERENCES `employee` (`id`),
  CONSTRAINT `fk_user_user1` FOREIGN KEY (`user_id`) REFERENCES `user` (`id`),
  CONSTRAINT `fk_user_usestatus1` FOREIGN KEY (`usestatus_id`) REFERENCES `usestatus` (`id`),
  CONSTRAINT `fk_user_usetype1` FOREIGN KEY (`usetype_id`) REFERENCES `usetype` (`id`)
) ENGINE=InnoDB AUTO_INCREMENT=2 DEFAULT CHARSET=utf8mb3;
/*!40101 SET character_set_client = @saved_cs_client */;

--
-- Dumping data for table `user`
--

LOCK TABLES `user` WRITE;
/*!40000 ALTER TABLE `user` DISABLE KEYS */;
INSERT INTO `user` VALUES (1,1,'riyaz','$2a$10$a9mMXRmYr7wVFjAWbrABCOk4HPdJVt269FcQtFtw1AhSglFmJBkQ2','$2a$10$Ms24rAAemRi6dn1DTibyJOha6aSDjcOWPD/B7hOPOgVXrmwutnPdi','2024-07-28','10:25:08','mm',1,1,0);
/*!40000 ALTER TABLE `user` ENABLE KEYS */;
UNLOCK TABLES;

--
-- Table structure for table `userrole`
--

DROP TABLE IF EXISTS `userrole`;
/*!40101 SET @saved_cs_client     = @@character_set_client */;
/*!50503 SET character_set_client = utf8mb4 */;
CREATE TABLE `userrole` (
  `id` int NOT NULL AUTO_INCREMENT,
  `user_id` int NOT NULL,
  `role_id` int NOT NULL,
  PRIMARY KEY (`id`),
  KEY `fk_user_has_role_role1_idx` (`role_id`),
  KEY `fk_user_has_role_user1_idx` (`user_id`),
  CONSTRAINT `fk_user_has_role_role1` FOREIGN KEY (`role_id`) REFERENCES `role` (`id`),
  CONSTRAINT `fk_user_has_role_user1` FOREIGN KEY (`user_id`) REFERENCES `user` (`id`)
) ENGINE=InnoDB AUTO_INCREMENT=3 DEFAULT CHARSET=utf8mb3;
/*!40101 SET character_set_client = @saved_cs_client */;

--
-- Dumping data for table `userrole`
--

LOCK TABLES `userrole` WRITE;
/*!40000 ALTER TABLE `userrole` DISABLE KEYS */;
INSERT INTO `userrole` VALUES (2,1,2);
/*!40000 ALTER TABLE `userrole` ENABLE KEYS */;
UNLOCK TABLES;

--
-- Table structure for table `usestatus`
--

DROP TABLE IF EXISTS `usestatus`;
/*!40101 SET @saved_cs_client     = @@character_set_client */;
/*!50503 SET character_set_client = utf8mb4 */;
CREATE TABLE `usestatus` (
  `id` int NOT NULL AUTO_INCREMENT,
  `name` varchar(45) DEFAULT NULL,
  PRIMARY KEY (`id`)
) ENGINE=InnoDB AUTO_INCREMENT=4 DEFAULT CHARSET=utf8mb3;
/*!40101 SET character_set_client = @saved_cs_client */;

--
-- Dumping data for table `usestatus`
--

LOCK TABLES `usestatus` WRITE;
/*!40000 ALTER TABLE `usestatus` DISABLE KEYS */;
INSERT INTO `usestatus` VALUES (1,'Active'),(2,'Inactive'),(3,'Blocked');
/*!40000 ALTER TABLE `usestatus` ENABLE KEYS */;
UNLOCK TABLES;

--
-- Table structure for table `usetype`
--

DROP TABLE IF EXISTS `usetype`;
/*!40101 SET @saved_cs_client     = @@character_set_client */;
/*!50503 SET character_set_client = utf8mb4 */;
CREATE TABLE `usetype` (
  `id` int NOT NULL AUTO_INCREMENT,
  `name` varchar(45) DEFAULT NULL,
  PRIMARY KEY (`id`)
) ENGINE=InnoDB AUTO_INCREMENT=4 DEFAULT CHARSET=utf8mb3;
/*!40101 SET character_set_client = @saved_cs_client */;

--
-- Dumping data for table `usetype`
--

LOCK TABLES `usetype` WRITE;
/*!40000 ALTER TABLE `usetype` DISABLE KEYS */;
INSERT INTO `usetype` VALUES (1,'Registered'),(2,'Guest');
/*!40000 ALTER TABLE `usetype` ENABLE KEYS */;
UNLOCK TABLES;

--
-- Table structure for table `withdraw`
--

DROP TABLE IF EXISTS `withdraw`;
/*!40101 SET @saved_cs_client     = @@character_set_client */;
/*!50503 SET character_set_client = utf8mb4 */;
CREATE TABLE `withdraw` (
  `id` int NOT NULL AUTO_INCREMENT,
  `masjid_id` int NOT NULL,
  `account_id` int NOT NULL,
  `dowithdraw` date DEFAULT NULL,
  `amount` decimal(9,2) DEFAULT NULL,
  `employee_id` int NOT NULL,
  `description` text,
  PRIMARY KEY (`id`),
  KEY `fk_withdraw_employee1_idx` (`employee_id`),
  KEY `fk_withdraw_account1_idx` (`account_id`),
  KEY `fk_withdraw_masjid1_idx` (`masjid_id`),
  CONSTRAINT `fk_withdraw_account1` FOREIGN KEY (`account_id`) REFERENCES `account` (`id`),
  CONSTRAINT `fk_withdraw_employee1` FOREIGN KEY (`employee_id`) REFERENCES `employee` (`id`),
  CONSTRAINT `fk_withdraw_masjid1` FOREIGN KEY (`masjid_id`) REFERENCES `masjid` (`id`)
) ENGINE=InnoDB DEFAULT CHARSET=utf8mb3;
/*!40101 SET character_set_client = @saved_cs_client */;

--
-- Dumping data for table `withdraw`
--

LOCK TABLES `withdraw` WRITE;
/*!40000 ALTER TABLE `withdraw` DISABLE KEYS */;
/*!40000 ALTER TABLE `withdraw` ENABLE KEYS */;
UNLOCK TABLES;
/*!40103 SET TIME_ZONE=@OLD_TIME_ZONE */;

/*!40101 SET SQL_MODE=@OLD_SQL_MODE */;
/*!40014 SET FOREIGN_KEY_CHECKS=@OLD_FOREIGN_KEY_CHECKS */;
/*!40014 SET UNIQUE_CHECKS=@OLD_UNIQUE_CHECKS */;
/*!40101 SET CHARACTER_SET_CLIENT=@OLD_CHARACTER_SET_CLIENT */;
/*!40101 SET CHARACTER_SET_RESULTS=@OLD_CHARACTER_SET_RESULTS */;
/*!40101 SET COLLATION_CONNECTION=@OLD_COLLATION_CONNECTION */;
/*!40111 SET SQL_NOTES=@OLD_SQL_NOTES */;

-- Dump completed on 2024-08-08 17:17:51
